,Date Range,Product Name,SKU,Category,Quantity,Start Date,Quantity Change %,4 Week Average Quantity,4 Week Avg % Change,UPC,Price Change %,modifiedUPC,Dollar Change
73983,3/7/2024 to 3/13/2024,MOTTS APPLE JUICE 64 OZ,0001480000034,JUGOS PET,541.0,2024-03-07,,541.0,,1480000034,,0001480000034,
73984,3/14/2024 to 3/20/2024,MOTTS APPLE JUICE 64 OZ,0001480000034,JUGOS PET,1076.0,2024-03-14,0.9889094269870611,808.5,49.44547134935304,1480000034,0.0,0001480000034,0.0
73985,3/21/2024 to 3/27/2024,MOTTS APPLE JUICE 64 OZ,0001480000034,JUGOS PET,634.0,2024-03-21,-0.41078066914498146,750.3333333333334,-7.194392908678616,1480000034,0.0,0001480000034,0.0
73986,3/28/2024 to 4/3/2024,MOTTS APPLE JUICE 64 OZ,0001480000034,JUGOS PET,405.0,2024-03-28,-0.361198738170347,664.0,-11.505997334517993,1480000034,0.0,0001480000034,0.0
73987,4/4/2024 to 4/10/2024,MOTTS APPLE JUICE 64 OZ,0001480000034,JUGOS PET,585.0,2024-04-04,0.4444444444444444,675.0,1.6566265060240948,1480000034,0.0,0001480000034,0.0
73988,4/11/2024 to 4/17/2024,MOTTS APPLE JUICE 64 OZ,0001480000034,JUGOS PET,598.0,2024-04-11,0.022222222222222143,555.5,-17.7037037037037,1480000034,0.0,0001480000034,0.0
73989,4/18/2024 to 4/24/2024,MOTTS APPLE JUICE 64 OZ,0001480000034,JUGOS PET,1005.0,2024-04-18,0.6806020066889633,648.25,16.696669666966702,1480000034,0.0,0001480000034,0.0
73990,4/25/2024 to 5/1/2024,MOTTS APPLE JUICE 64 OZ,0001480000034,JUGOS PET,664.0,2024-04-25,-0.33930348258706466,713.0,9.988430389510228,1480000034,0.0,0001480000034,0.0
73991,5/2/2024 to 5/8/2024,MOTTS APPLE JUICE 64 OZ,0001480000034,JUGOS PET,529.0,2024-05-02,-0.20331325301204817,699.0,-1.963534361851338,1480000034,0.0,0001480000034,0.0
73992,5/9/2024 to 5/15/2024,MOTTS APPLE JUICE 64 OZ,0001480000034,JUGOS PET,561.0,2024-05-09,0.06049149338374282,689.75,-1.3233190271816908,1480000034,0.0,0001480000034,0.0
73993,5/16/2024 to 5/22/2024,MOTTS APPLE JUICE 64 OZ,0001480000034,JUGOS PET,650.0,2024-05-16,0.15864527629233516,601.0,-12.866980790141358,1480000034,0.0,0001480000034,0.0
74295,3/7/2024 to 3/13/2024,MOTTS APPLE NATURAL STYLE JUICE 64OZ,0001480031656,JUGOS PET,31.0,2024-03-07,,31.0,,1480031656,,0001480031656,
74296,3/14/2024 to 3/20/2024,MOTTS APPLE NATURAL STYLE JUICE 64OZ,0001480031656,JUGOS PET,42.0,2024-03-14,0.35483870967741926,36.5,17.741935483870975,1480031656,0.0,0001480031656,0.0
74297,3/21/2024 to 3/27/2024,MOTTS APPLE NATURAL STYLE JUICE 64OZ,0001480031656,JUGOS PET,31.0,2024-03-21,-0.26190476190476186,34.666666666666664,-5.022831050228316,1480031656,0.0,0001480031656,0.0
74298,3/28/2024 to 4/3/2024,MOTTS APPLE NATURAL STYLE JUICE 64OZ,0001480031656,JUGOS PET,14.0,2024-03-28,-0.5483870967741935,29.5,-14.903846153846146,1480031656,0.0,0001480031656,0.0
74299,4/4/2024 to 4/10/2024,MOTTS APPLE NATURAL STYLE JUICE 64OZ,0001480031656,JUGOS PET,30.0,2024-04-04,1.1428571428571428,29.25,-0.8474576271186418,1480031656,0.0,0001480031656,0.0
74300,4/11/2024 to 4/17/2024,MOTTS APPLE NATURAL STYLE JUICE 64OZ,0001480031656,JUGOS PET,26.0,2024-04-11,-0.1333333333333333,25.25,-13.675213675213671,1480031656,0.0,0001480031656,0.0
74301,4/18/2024 to 4/24/2024,MOTTS APPLE NATURAL STYLE JUICE 64OZ,0001480031656,JUGOS PET,42.0,2024-04-18,0.6153846153846154,28.0,10.8910891089109,1480031656,0.0,0001480031656,0.0
74302,4/25/2024 to 5/1/2024,MOTTS APPLE NATURAL STYLE JUICE 64OZ,0001480031656,JUGOS PET,29.0,2024-04-25,-0.30952380952380953,31.75,13.392857142857139,1480031656,0.0,0001480031656,0.0
74303,5/2/2024 to 5/8/2024,MOTTS APPLE NATURAL STYLE JUICE 64OZ,0001480031656,JUGOS PET,24.0,2024-05-02,-0.1724137931034483,30.25,-4.7244094488189,1480031656,0.0,0001480031656,0.0
74304,5/9/2024 to 5/15/2024,MOTTS APPLE NATURAL STYLE JUICE 64OZ,0001480031656,JUGOS PET,19.0,2024-05-09,-0.20833333333333337,28.5,-5.785123966942152,1480031656,0.0,0001480031656,0.0
74305,5/16/2024 to 5/22/2024,MOTTS APPLE NATURAL STYLE JUICE 64OZ,0001480031656,JUGOS PET,20.0,2024-05-16,0.05263157894736836,23.0,-19.298245614035093,1480031656,0.0,0001480031656,0.0
74373,3/7/2024 to 3/13/2024,MOTTS PLUS LIGHT APPLE 64 OZ,0001480032100,JUGOS PET,116.0,2024-03-07,,116.0,,1480032100,,0001480032100,
74374,3/14/2024 to 3/20/2024,MOTTS PLUS LIGHT APPLE 64 OZ,0001480032100,JUGOS PET,142.0,2024-03-14,0.22413793103448265,129.0,11.206896551724132,1480032100,0.0,0001480032100,0.0
74375,3/21/2024 to 3/27/2024,MOTTS PLUS LIGHT APPLE 64 OZ,0001480032100,JUGOS PET,104.0,2024-03-21,-0.2676056338028169,120.66666666666667,-6.459948320413433,1480032100,0.0,0001480032100,0.0
74376,3/28/2024 to 4/3/2024,MOTTS PLUS LIGHT APPLE 64 OZ,0001480032100,JUGOS PET,72.0,2024-03-28,-0.3076923076923077,108.5,-10.082872928176801,1480032100,0.0,0001480032100,0.0
74377,4/4/2024 to 4/10/2024,MOTTS PLUS LIGHT APPLE 64 OZ,0001480032100,JUGOS PET,124.0,2024-04-04,0.7222222222222223,110.5,1.8433179723502224,1480032100,0.0,0001480032100,0.0
74378,4/11/2024 to 4/17/2024,MOTTS PLUS LIGHT APPLE 64 OZ,0001480032100,JUGOS PET,108.0,2024-04-11,-0.12903225806451613,102.0,-7.692307692307687,1480032100,0.0,0001480032100,0.0
74379,4/18/2024 to 4/24/2024,MOTTS PLUS LIGHT APPLE 64 OZ,0001480032100,JUGOS PET,111.0,2024-04-18,0.02777777777777768,103.75,1.7156862745097978,1480032100,0.0,0001480032100,0.0
74380,4/25/2024 to 5/1/2024,MOTTS PLUS LIGHT APPLE 64 OZ,0001480032100,JUGOS PET,85.0,2024-04-25,-0.23423423423423428,107.0,3.1325301204819356,1480032100,0.0,0001480032100,0.0
74381,5/2/2024 to 5/8/2024,MOTTS PLUS LIGHT APPLE 64 OZ,0001480032100,JUGOS PET,83.0,2024-05-02,-0.02352941176470591,96.75,-9.579439252336453,1480032100,0.0,0001480032100,0.0
74382,5/9/2024 to 5/15/2024,MOTTS PLUS LIGHT APPLE 64 OZ,0001480032100,JUGOS PET,101.0,2024-05-09,0.2168674698795181,95.0,-1.8087855297157618,1480032100,0.0,0001480032100,0.0
74383,5/16/2024 to 5/22/2024,MOTTS PLUS LIGHT APPLE 64 OZ,0001480032100,JUGOS PET,92.0,2024-05-16,-0.08910891089108908,90.25,-5.000000000000004,1480032100,0.0,0001480032100,0.0
110357,3/7/2024 to 3/13/2024,HOLSUM GALLETAS EMP FAMILIAR 10 OZ,0002296100104,GALLETAS,73.0,2024-03-07,,73.0,,2296100104,,0002296100104,
110358,3/14/2024 to 3/20/2024,HOLSUM GALLETAS EMP FAMILIAR 10 OZ,0002296100104,GALLETAS,37.0,2024-03-14,-0.4931506849315068,55.0,-24.65753424657534,2296100104,0.0,0002296100104,0.0
110359,3/21/2024 to 3/27/2024,HOLSUM GALLETAS EMP FAMILIAR 10 OZ,0002296100104,GALLETAS,37.0,2024-03-21,0.0,49.0,-10.909090909090914,2296100104,0.0,0002296100104,0.0
110360,3/28/2024 to 4/3/2024,HOLSUM GALLETAS EMP FAMILIAR 10 OZ,0002296100104,GALLETAS,31.0,2024-03-28,-0.16216216216216217,44.5,-9.183673469387754,2296100104,0.0,0002296100104,0.0
110361,4/4/2024 to 4/10/2024,HOLSUM GALLETAS EMP FAMILIAR 10 OZ,0002296100104,GALLETAS,94.0,2024-04-04,2.032258064516129,49.75,11.79775280898876,2296100104,0.0,0002296100104,0.0
110362,4/11/2024 to 4/17/2024,HOLSUM GALLETAS EMP FAMILIAR 10 OZ,0002296100104,GALLETAS,49.0,2024-04-11,-0.4787234042553191,52.75,6.030150753768848,2296100104,0.0,0002296100104,0.0
110363,4/18/2024 to 4/24/2024,HOLSUM GALLETAS EMP FAMILIAR 10 OZ,0002296100104,GALLETAS,54.0,2024-04-18,0.1020408163265305,57.0,8.056872037914697,2296100104,0.0,0002296100104,0.0
110364,4/25/2024 to 5/1/2024,HOLSUM GALLETAS EMP FAMILIAR 10 OZ,0002296100104,GALLETAS,31.0,2024-04-25,-0.42592592592592593,57.0,0.0,2296100104,0.0,0002296100104,0.0
110365,5/2/2024 to 5/8/2024,HOLSUM GALLETAS EMP FAMILIAR 10 OZ,0002296100104,GALLETAS,65.0,2024-05-02,1.096774193548387,49.75,-12.71929824561403,2296100104,0.0,0002296100104,0.0
110366,5/9/2024 to 5/15/2024,HOLSUM GALLETAS EMP FAMILIAR 10 OZ,0002296100104,GALLETAS,66.0,2024-05-09,0.01538461538461533,54.0,8.5427135678392,2296100104,0.0,0002296100104,0.0
110367,5/16/2024 to 5/22/2024,HOLSUM GALLETAS EMP FAMILIAR 10 OZ,0002296100104,GALLETAS,47.0,2024-05-16,-0.28787878787878785,52.25,-3.240740740740744,2296100104,8.595988538681954,0002296100104,0.2999999999999998
153010,3/7/2024 to 3/13/2024,OCEAN SPARY CRAN/GRAPE 100% 64 OZ,0003120003466,JUGOS PET,29.0,2024-03-07,,29.0,,3120003466,,0003120003466,
153011,3/14/2024 to 3/20/2024,OCEAN SPARY CRAN/GRAPE 100% 64 OZ,0003120003466,JUGOS PET,38.0,2024-03-14,0.31034482758620685,33.5,15.517241379310342,3120003466,0.0,0003120003466,0.0
153012,3/21/2024 to 3/27/2024,OCEAN SPARY CRAN/GRAPE 100% 64 OZ,0003120003466,JUGOS PET,36.0,2024-03-21,-0.052631578947368474,34.333333333333336,2.487562189054726,3120003466,0.0,0003120003466,0.0
153013,3/28/2024 to 4/3/2024,OCEAN SPARY CRAN/GRAPE 100% 64 OZ,0003120003466,JUGOS PET,25.0,2024-03-28,-0.3055555555555556,32.0,-6.796116504854377,3120003466,0.0,0003120003466,0.0
153014,4/4/2024 to 4/10/2024,OCEAN SPARY CRAN/GRAPE 100% 64 OZ,0003120003466,JUGOS PET,38.0,2024-04-04,0.52,34.25,7.03125,3120003466,0.0,0003120003466,0.0
153015,4/11/2024 to 4/17/2024,OCEAN SPARY CRAN/GRAPE 100% 64 OZ,0003120003466,JUGOS PET,49.0,2024-04-11,0.2894736842105263,37.0,8.029197080291972,3120003466,0.0,0003120003466,0.0
153016,4/18/2024 to 4/24/2024,OCEAN SPARY CRAN/GRAPE 100% 64 OZ,0003120003466,JUGOS PET,34.0,2024-04-18,-0.30612244897959184,36.5,-1.3513513513513487,3120003466,0.0,0003120003466,0.0
153017,4/25/2024 to 5/1/2024,OCEAN SPARY CRAN/GRAPE 100% 64 OZ,0003120003466,JUGOS PET,36.0,2024-04-25,0.05882352941176472,39.25,7.534246575342474,3120003466,0.0,0003120003466,0.0
153018,5/2/2024 to 5/8/2024,OCEAN SPARY CRAN/GRAPE 100% 64 OZ,0003120003466,JUGOS PET,24.0,2024-05-02,-0.33333333333333337,35.75,-8.917197452229297,3120003466,0.0,0003120003466,0.0
153019,5/9/2024 to 5/15/2024,OCEAN SPARY CRAN/GRAPE 100% 64 OZ,0003120003466,JUGOS PET,37.0,2024-05-09,0.5416666666666667,32.75,-8.391608391608397,3120003466,0.0,0003120003466,0.0
153020,5/16/2024 to 5/22/2024,OCEAN SPARY CRAN/GRAPE 100% 64 OZ,0003120003466,JUGOS PET,42.0,2024-05-16,0.1351351351351351,34.75,6.106870229007644,3120003466,2.6315789473684292,0003120003466,0.11000000000000032
153023,3/7/2024 to 3/13/2024,OCEAN SPRAY CRANBERRY 100% 64 OZ,0003120003469,JUGOS PET,42.0,2024-03-07,,42.0,,3120003469,,0003120003469,
153024,3/14/2024 to 3/20/2024,OCEAN SPRAY CRANBERRY 100% 64 OZ,0003120003469,JUGOS PET,64.0,2024-03-14,0.5238095238095237,53.0,26.190476190476186,3120003469,0.0,0003120003469,0.0
153025,3/21/2024 to 3/27/2024,OCEAN SPRAY CRANBERRY 100% 64 OZ,0003120003469,JUGOS PET,48.0,2024-03-21,-0.25,51.333333333333336,-3.1446540880503138,3120003469,0.0,0003120003469,0.0
153026,3/28/2024 to 4/3/2024,OCEAN SPRAY CRANBERRY 100% 64 OZ,0003120003469,JUGOS PET,35.0,2024-03-28,-0.27083333333333337,47.25,-7.954545454545459,3120003469,0.0,0003120003469,0.0
153027,4/4/2024 to 4/10/2024,OCEAN SPRAY CRANBERRY 100% 64 OZ,0003120003469,JUGOS PET,71.0,2024-04-04,1.0285714285714285,54.5,15.343915343915349,3120003469,0.0,0003120003469,0.0
153028,4/11/2024 to 4/17/2024,OCEAN SPRAY CRANBERRY 100% 64 OZ,0003120003469,JUGOS PET,41.0,2024-04-11,-0.4225352112676056,48.75,-10.550458715596333,3120003469,0.0,0003120003469,0.0
153029,4/18/2024 to 4/24/2024,OCEAN SPRAY CRANBERRY 100% 64 OZ,0003120003469,JUGOS PET,43.0,2024-04-18,0.04878048780487809,47.5,-2.564102564102566,3120003469,0.0,0003120003469,0.0
153030,4/25/2024 to 5/1/2024,OCEAN SPRAY CRANBERRY 100% 64 OZ,0003120003469,JUGOS PET,29.0,2024-04-25,-0.32558139534883723,46.0,-3.157894736842104,3120003469,0.0,0003120003469,0.0
153031,5/2/2024 to 5/8/2024,OCEAN SPRAY CRANBERRY 100% 64 OZ,0003120003469,JUGOS PET,37.0,2024-05-02,0.27586206896551735,37.5,-18.478260869565222,3120003469,0.0,0003120003469,0.0
153032,5/9/2024 to 5/15/2024,OCEAN SPRAY CRANBERRY 100% 64 OZ,0003120003469,JUGOS PET,49.0,2024-05-09,0.32432432432432434,39.5,5.333333333333323,3120003469,0.0,0003120003469,0.0
153033,5/16/2024 to 5/22/2024,OCEAN SPRAY CRANBERRY 100% 64 OZ,0003120003469,JUGOS PET,71.0,2024-05-16,0.44897959183673475,46.5,17.721518987341778,3120003469,0.0,0003120003469,0.0
153049,3/7/2024 to 3/13/2024,OCEAN SPRAY CRANBERRY JUICE 64 OZ,0003120020007,JUGOS PET,372.0,2024-03-07,,372.0,,3120020007,,0003120020007,
153050,3/14/2024 to 3/20/2024,OCEAN SPRAY CRANBERRY JUICE 64 OZ,0003120020007,JUGOS PET,414.0,2024-03-14,0.11290322580645151,393.0,5.645161290322576,3120020007,0.0,0003120020007,0.0
153051,3/21/2024 to 3/27/2024,OCEAN SPRAY CRANBERRY JUICE 64 OZ,0003120020007,JUGOS PET,401.0,2024-03-21,-0.03140096618357491,395.6666666666667,0.6785411365564098,3120020007,0.0,0003120020007,0.0
153052,3/28/2024 to 4/3/2024,OCEAN SPRAY CRANBERRY JUICE 64 OZ,0003120020007,JUGOS PET,294.0,2024-03-28,-0.2668329177057357,370.25,-6.423757371524852,3120020007,0.0,0003120020007,0.0
153053,4/4/2024 to 4/10/2024,OCEAN SPRAY CRANBERRY JUICE 64 OZ,0003120020007,JUGOS PET,580.0,2024-04-04,0.9727891156462585,422.25,14.044564483457123,3120020007,0.0,0003120020007,0.0
153054,4/11/2024 to 4/17/2024,OCEAN SPRAY CRANBERRY JUICE 64 OZ,0003120020007,JUGOS PET,561.0,2024-04-11,-0.03275862068965518,459.0,8.703374777975137,3120020007,0.0,0003120020007,0.0
153055,4/18/2024 to 4/24/2024,OCEAN SPRAY CRANBERRY JUICE 64 OZ,0003120020007,JUGOS PET,307.0,2024-04-18,-0.45276292335115864,435.5,-5.119825708060999,3120020007,0.0,0003120020007,0.0
153056,4/25/2024 to 5/1/2024,OCEAN SPRAY CRANBERRY JUICE 64 OZ,0003120020007,JUGOS PET,261.0,2024-04-25,-0.14983713355048855,427.25,-1.894374282433986,3120020007,0.0,0003120020007,0.0
153057,5/2/2024 to 5/8/2024,OCEAN SPRAY CRANBERRY JUICE 64 OZ,0003120020007,JUGOS PET,466.0,2024-05-02,0.7854406130268199,398.75,-6.670567583382092,3120020007,0.0,0003120020007,0.0
153058,5/9/2024 to 5/15/2024,OCEAN SPRAY CRANBERRY JUICE 64 OZ,0003120020007,JUGOS PET,483.0,2024-05-09,0.03648068669527893,379.25,-4.890282131661438,3120020007,0.0,0003120020007,0.0
153059,5/16/2024 to 5/22/2024,OCEAN SPRAY CRANBERRY JUICE 64 OZ,0003120020007,JUGOS PET,374.0,2024-05-16,-0.2256728778467909,396.0,4.416611733684905,3120020007,9.295774647887335,0003120020007,0.33000000000000007
153062,3/7/2024 to 3/13/2024,OCEAN SPRAY CRANBERRY DIET 64 OZ,0003120020031,JUGOS PET,94.0,2024-03-07,,94.0,,3120020031,,0003120020031,
153063,3/14/2024 to 3/20/2024,OCEAN SPRAY CRANBERRY DIET 64 OZ,0003120020031,JUGOS PET,84.0,2024-03-14,-0.1063829787234043,89.0,-5.319148936170215,3120020031,0.0,0003120020031,0.0
153064,3/21/2024 to 3/27/2024,OCEAN SPRAY CRANBERRY DIET 64 OZ,0003120020031,JUGOS PET,89.0,2024-03-21,0.059523809523809534,89.0,0.0,3120020031,0.0,0003120020031,0.0
153065,3/28/2024 to 4/3/2024,OCEAN SPRAY CRANBERRY DIET 64 OZ,0003120020031,JUGOS PET,67.0,2024-03-28,-0.2471910112359551,83.5,-6.17977528089888,3120020031,0.0,0003120020031,0.0
153066,4/4/2024 to 4/10/2024,OCEAN SPRAY CRANBERRY DIET 64 OZ,0003120020031,JUGOS PET,131.0,2024-04-04,0.955223880597015,92.75,11.077844311377238,3120020031,0.0,0003120020031,0.0
153067,4/11/2024 to 4/17/2024,OCEAN SPRAY CRANBERRY DIET 64 OZ,0003120020031,JUGOS PET,104.0,2024-04-11,-0.20610687022900764,97.75,5.39083557951483,3120020031,0.0,0003120020031,0.0
153068,4/18/2024 to 4/24/2024,OCEAN SPRAY CRANBERRY DIET 64 OZ,0003120020031,JUGOS PET,82.0,2024-04-18,-0.21153846153846156,96.0,-1.7902813299232712,3120020031,0.0,0003120020031,0.0
153069,4/25/2024 to 5/1/2024,OCEAN SPRAY CRANBERRY DIET 64 OZ,0003120020031,JUGOS PET,78.0,2024-04-25,-0.04878048780487809,98.75,2.864583333333326,3120020031,0.0,0003120020031,0.0
153070,5/2/2024 to 5/8/2024,OCEAN SPRAY CRANBERRY DIET 64 OZ,0003120020031,JUGOS PET,138.0,2024-05-02,0.7692307692307692,100.5,1.7721518987341867,3120020031,0.0,0003120020031,0.0
153071,5/9/2024 to 5/15/2024,OCEAN SPRAY CRANBERRY DIET 64 OZ,0003120020031,JUGOS PET,133.0,2024-05-09,-0.036231884057971064,107.75,7.213930348258701,3120020031,0.0,0003120020031,0.0
153072,5/16/2024 to 5/22/2024,OCEAN SPRAY CRANBERRY DIET 64 OZ,0003120020031,JUGOS PET,117.0,2024-05-16,-0.12030075187969924,116.5,8.120649651972167,3120020031,9.295774647887335,0003120020031,0.33000000000000007
153101,3/7/2024 to 3/13/2024,OCEAN SPRAY CRAN/GRAPE DIET 64 OZ,0003120020157,JUGOS PET,55.0,2024-03-07,,55.0,,3120020157,,0003120020157,
153102,3/14/2024 to 3/20/2024,OCEAN SPRAY CRAN/GRAPE DIET 64 OZ,0003120020157,JUGOS PET,83.0,2024-03-14,0.509090909090909,69.0,25.454545454545464,3120020157,0.0,0003120020157,0.0
153103,3/21/2024 to 3/27/2024,OCEAN SPRAY CRAN/GRAPE DIET 64 OZ,0003120020157,JUGOS PET,64.0,2024-03-21,-0.22891566265060237,67.33333333333333,-2.4154589371980784,3120020157,0.0,0003120020157,0.0
153104,3/28/2024 to 4/3/2024,OCEAN SPRAY CRAN/GRAPE DIET 64 OZ,0003120020157,JUGOS PET,55.0,2024-03-28,-0.140625,64.25,-4.579207920792072,3120020157,0.0,0003120020157,0.0
153105,4/4/2024 to 4/10/2024,OCEAN SPRAY CRAN/GRAPE DIET 64 OZ,0003120020157,JUGOS PET,102.0,2024-04-04,0.8545454545454545,76.0,18.287937743190664,3120020157,0.0,0003120020157,0.0
153106,4/11/2024 to 4/17/2024,OCEAN SPRAY CRAN/GRAPE DIET 64 OZ,0003120020157,JUGOS PET,78.0,2024-04-11,-0.23529411764705888,74.75,-1.6447368421052655,3120020157,0.0,0003120020157,0.0
153107,4/18/2024 to 4/24/2024,OCEAN SPRAY CRAN/GRAPE DIET 64 OZ,0003120020157,JUGOS PET,56.0,2024-04-18,-0.28205128205128205,72.75,-2.6755852842809347,3120020157,0.0,0003120020157,0.0
153108,4/25/2024 to 5/1/2024,OCEAN SPRAY CRAN/GRAPE DIET 64 OZ,0003120020157,JUGOS PET,74.0,2024-04-25,0.3214285714285714,77.5,6.529209621993126,3120020157,0.0,0003120020157,0.0
153109,5/2/2024 to 5/8/2024,OCEAN SPRAY CRAN/GRAPE DIET 64 OZ,0003120020157,JUGOS PET,101.0,2024-05-02,0.3648648648648649,77.25,-0.3225806451612856,3120020157,0.0,0003120020157,0.0
153110,5/9/2024 to 5/15/2024,OCEAN SPRAY CRAN/GRAPE DIET 64 OZ,0003120020157,JUGOS PET,115.0,2024-05-09,0.13861386138613851,86.5,11.97411003236246,3120020157,0.0,0003120020157,0.0
153111,5/16/2024 to 5/22/2024,OCEAN SPRAY CRAN/GRAPE DIET 64 OZ,0003120020157,JUGOS PET,92.0,2024-05-16,-0.19999999999999996,95.5,10.404624277456653,3120020157,9.295774647887335,0003120020157,0.33000000000000007
153153,3/7/2024 to 3/13/2024,OCEAN SPRAY CRANGRAPE 64 OZ,0003120022007,JUGOS PET,98.0,2024-03-07,,98.0,,3120022007,,0003120022007,
153154,3/14/2024 to 3/20/2024,OCEAN SPRAY CRANGRAPE 64 OZ,0003120022007,JUGOS PET,96.0,2024-03-14,-0.020408163265306145,97.0,-1.0204081632653073,3120022007,0.0,0003120022007,0.0
153155,3/21/2024 to 3/27/2024,OCEAN SPRAY CRANGRAPE 64 OZ,0003120022007,JUGOS PET,125.0,2024-03-21,0.30208333333333326,106.33333333333333,9.621993127147753,3120022007,0.0,0003120022007,0.0
153156,3/28/2024 to 4/3/2024,OCEAN SPRAY CRANGRAPE 64 OZ,0003120022007,JUGOS PET,78.0,2024-03-28,-0.376,99.25,-6.661442006269591,3120022007,0.0,0003120022007,0.0
153157,4/4/2024 to 4/10/2024,OCEAN SPRAY CRANGRAPE 64 OZ,0003120022007,JUGOS PET,197.0,2024-04-04,1.5256410256410255,124.0,24.937027707808568,3120022007,0.0,0003120022007,0.0
153158,4/11/2024 to 4/17/2024,OCEAN SPRAY CRANGRAPE 64 OZ,0003120022007,JUGOS PET,221.0,2024-04-11,0.12182741116751261,155.25,25.2016129032258,3120022007,0.0,0003120022007,0.0
153159,4/18/2024 to 4/24/2024,OCEAN SPRAY CRANGRAPE 64 OZ,0003120022007,JUGOS PET,93.0,2024-04-18,-0.5791855203619909,147.25,-5.152979066022545,3120022007,0.0,0003120022007,0.0
153160,4/25/2024 to 5/1/2024,OCEAN SPRAY CRANGRAPE 64 OZ,0003120022007,JUGOS PET,97.0,2024-04-25,0.043010752688172005,152.0,3.2258064516129004,3120022007,0.0,0003120022007,0.0
153161,5/2/2024 to 5/8/2024,OCEAN SPRAY CRANGRAPE 64 OZ,0003120022007,JUGOS PET,114.0,2024-05-02,0.17525773195876293,131.25,-13.651315789473683,3120022007,0.0,0003120022007,0.0
153162,5/9/2024 to 5/15/2024,OCEAN SPRAY CRANGRAPE 64 OZ,0003120022007,JUGOS PET,171.0,2024-05-09,0.5,118.75,-9.523809523809524,3120022007,0.0,0003120022007,0.0
153163,5/16/2024 to 5/22/2024,OCEAN SPRAY CRANGRAPE 64 OZ,0003120022007,JUGOS PET,137.0,2024-05-16,-0.19883040935672514,129.75,9.263157894736839,3120022007,9.295774647887335,0003120022007,0.33000000000000007
153166,3/7/2024 to 3/13/2024,OCEAN SPRAY RUBY GRAPEFRUIT 64 OZ,0003120027627,JUGOS PET,92.0,2024-03-07,,92.0,,3120027627,,0003120027627,
153167,3/14/2024 to 3/20/2024,OCEAN SPRAY RUBY GRAPEFRUIT 64 OZ,0003120027627,JUGOS PET,85.0,2024-03-14,-0.07608695652173914,88.5,-3.804347826086951,3120027627,0.0,0003120027627,0.0
153168,3/21/2024 to 3/27/2024,OCEAN SPRAY RUBY GRAPEFRUIT 64 OZ,0003120027627,JUGOS PET,97.0,2024-03-21,0.14117647058823524,91.33333333333333,3.201506591337089,3120027627,0.0,0003120027627,0.0
153169,3/28/2024 to 4/3/2024,OCEAN SPRAY RUBY GRAPEFRUIT 64 OZ,0003120027627,JUGOS PET,67.0,2024-03-28,-0.30927835051546393,85.25,-6.660583941605836,3120027627,0.0,0003120027627,0.0
153170,4/4/2024 to 4/10/2024,OCEAN SPRAY RUBY GRAPEFRUIT 64 OZ,0003120027627,JUGOS PET,99.0,2024-04-04,0.4776119402985075,87.0,2.052785923753664,3120027627,0.0,0003120027627,0.0
153171,4/11/2024 to 4/17/2024,OCEAN SPRAY RUBY GRAPEFRUIT 64 OZ,0003120027627,JUGOS PET,99.0,2024-04-11,0.0,90.5,4.022988505747116,3120027627,0.0,0003120027627,0.0
153172,4/18/2024 to 4/24/2024,OCEAN SPRAY RUBY GRAPEFRUIT 64 OZ,0003120027627,JUGOS PET,75.0,2024-04-18,-0.24242424242424243,85.0,-6.077348066298338,3120027627,0.0,0003120027627,0.0
153173,4/25/2024 to 5/1/2024,OCEAN SPRAY RUBY GRAPEFRUIT 64 OZ,0003120027627,JUGOS PET,67.0,2024-04-25,-0.10666666666666669,85.0,0.0,3120027627,0.0,0003120027627,0.0
153174,5/2/2024 to 5/8/2024,OCEAN SPRAY RUBY GRAPEFRUIT 64 OZ,0003120027627,JUGOS PET,104.0,2024-05-02,0.5522388059701493,86.25,1.4705882352941124,3120027627,0.0,0003120027627,0.0
153175,5/9/2024 to 5/15/2024,OCEAN SPRAY RUBY GRAPEFRUIT 64 OZ,0003120027627,JUGOS PET,84.0,2024-05-09,-0.1923076923076923,82.5,-4.347826086956519,3120027627,0.0,0003120027627,0.0
153176,5/16/2024 to 5/22/2024,OCEAN SPRAY RUBY GRAPEFRUIT 64 OZ,0003120027627,JUGOS PET,122.0,2024-05-16,0.45238095238095233,94.25,14.242424242424235,3120027627,9.295774647887335,0003120027627,0.33000000000000007
153179,3/7/2024 to 3/13/2024,OCEAN SPRAY WHITE CRANBERRY 64 OZ,0003120028127,JUGOS PET,120.0,2024-03-07,,120.0,,3120028127,,0003120028127,
153180,3/14/2024 to 3/20/2024,OCEAN SPRAY WHITE CRANBERRY 64 OZ,0003120028127,JUGOS PET,123.0,2024-03-14,0.02499999999999991,121.5,1.2499999999999956,3120028127,0.0,0003120028127,0.0
153181,3/21/2024 to 3/27/2024,OCEAN SPRAY WHITE CRANBERRY 64 OZ,0003120028127,JUGOS PET,115.0,2024-03-21,-0.06504065040650409,119.33333333333333,-1.7832647462277085,3120028127,0.0,0003120028127,0.0
153182,3/28/2024 to 4/3/2024,OCEAN SPRAY WHITE CRANBERRY 64 OZ,0003120028127,JUGOS PET,76.0,2024-03-28,-0.33913043478260874,108.5,-9.078212290502785,3120028127,0.0,0003120028127,0.0
153183,4/4/2024 to 4/10/2024,OCEAN SPRAY WHITE CRANBERRY 64 OZ,0003120028127,JUGOS PET,150.0,2024-04-04,0.9736842105263157,116.0,6.912442396313367,3120028127,0.0,0003120028127,0.0
153184,4/11/2024 to 4/17/2024,OCEAN SPRAY WHITE CRANBERRY 64 OZ,0003120028127,JUGOS PET,148.0,2024-04-11,-0.013333333333333308,122.25,5.3879310344827624,3120028127,0.0,0003120028127,0.0
153185,4/18/2024 to 4/24/2024,OCEAN SPRAY WHITE CRANBERRY 64 OZ,0003120028127,JUGOS PET,115.0,2024-04-18,-0.22297297297297303,122.25,0.0,3120028127,0.0,0003120028127,0.0
153186,4/25/2024 to 5/1/2024,OCEAN SPRAY WHITE CRANBERRY 64 OZ,0003120028127,JUGOS PET,86.0,2024-04-25,-0.25217391304347825,124.75,2.0449897750511203,3120028127,0.0,0003120028127,0.0
153187,5/2/2024 to 5/8/2024,OCEAN SPRAY WHITE CRANBERRY 64 OZ,0003120028127,JUGOS PET,110.0,2024-05-02,0.2790697674418605,114.75,-8.016032064128254,3120028127,0.0,0003120028127,0.0
153188,5/9/2024 to 5/15/2024,OCEAN SPRAY WHITE CRANBERRY 64 OZ,0003120028127,JUGOS PET,132.0,2024-05-09,0.19999999999999996,110.75,-3.4858387799564294,3120028127,0.0,0003120028127,0.0
153189,5/16/2024 to 5/22/2024,OCEAN SPRAY WHITE CRANBERRY 64 OZ,0003120028127,JUGOS PET,135.0,2024-05-16,0.022727272727272707,115.75,4.514672686230248,3120028127,9.295774647887335,0003120028127,0.33000000000000007
153205,3/7/2024 to 3/13/2024,OCEAN SPRAY LIGHT CRANBERRY 64 OZ,0003120034227,JUGOS PET,16.0,2024-03-07,,16.0,,3120034227,,0003120034227,
153206,3/14/2024 to 3/20/2024,OCEAN SPRAY LIGHT CRANBERRY 64 OZ,0003120034227,JUGOS PET,16.0,2024-03-14,0.0,16.0,0.0,3120034227,0.0,0003120034227,0.0
153207,3/21/2024 to 3/27/2024,OCEAN SPRAY LIGHT CRANBERRY 64 OZ,0003120034227,JUGOS PET,20.0,2024-03-21,0.25,17.333333333333332,8.333333333333325,3120034227,0.0,0003120034227,0.0
153208,3/28/2024 to 4/3/2024,OCEAN SPRAY LIGHT CRANBERRY 64 OZ,0003120034227,JUGOS PET,22.0,2024-03-28,0.10000000000000009,18.5,6.730769230769229,3120034227,0.0,0003120034227,0.0
153209,4/4/2024 to 4/10/2024,OCEAN SPRAY LIGHT CRANBERRY 64 OZ,0003120034227,JUGOS PET,20.0,2024-04-04,-0.09090909090909094,19.5,5.405405405405395,3120034227,0.0,0003120034227,0.0
153210,4/11/2024 to 4/17/2024,OCEAN SPRAY LIGHT CRANBERRY 64 OZ,0003120034227,JUGOS PET,28.0,2024-04-11,0.3999999999999999,22.5,15.384615384615374,3120034227,0.0,0003120034227,0.0
153211,4/18/2024 to 4/24/2024,OCEAN SPRAY LIGHT CRANBERRY 64 OZ,0003120034227,JUGOS PET,21.0,2024-04-18,-0.25,22.75,1.1111111111111072,3120034227,0.0,0003120034227,0.0
153212,4/25/2024 to 5/1/2024,OCEAN SPRAY LIGHT CRANBERRY 64 OZ,0003120034227,JUGOS PET,18.0,2024-04-25,-0.1428571428571429,21.75,-4.395604395604391,3120034227,0.0,0003120034227,0.0
153213,5/2/2024 to 5/8/2024,OCEAN SPRAY LIGHT CRANBERRY 64 OZ,0003120034227,JUGOS PET,31.0,2024-05-02,0.7222222222222223,24.5,12.643678160919535,3120034227,0.0,0003120034227,0.0
153214,5/9/2024 to 5/15/2024,OCEAN SPRAY LIGHT CRANBERRY 64 OZ,0003120034227,JUGOS PET,27.0,2024-05-09,-0.12903225806451613,24.25,-1.0204081632653073,3120034227,0.0,0003120034227,0.0
153215,5/16/2024 to 5/22/2024,OCEAN SPRAY LIGHT CRANBERRY 64 OZ,0003120034227,JUGOS PET,24.0,2024-05-16,-0.11111111111111116,25.0,3.092783505154628,3120034227,9.295774647887335,0003120034227,0.33000000000000007
153218,3/7/2024 to 3/13/2024,OCEAN SPRAY LIGHT CRAN.GRAPE 64 OZ,0003120034327,JUGOS PET,27.0,2024-03-07,,27.0,,3120034327,,0003120034327,
153219,3/14/2024 to 3/20/2024,OCEAN SPRAY LIGHT CRAN.GRAPE 64 OZ,0003120034327,JUGOS PET,28.0,2024-03-14,0.03703703703703698,27.5,1.85185185185186,3120034327,0.0,0003120034327,0.0
153220,3/21/2024 to 3/27/2024,OCEAN SPRAY LIGHT CRAN.GRAPE 64 OZ,0003120034327,JUGOS PET,24.0,2024-03-21,-0.1428571428571429,26.333333333333332,-4.2424242424242475,3120034327,0.0,0003120034327,0.0
153221,3/28/2024 to 4/3/2024,OCEAN SPRAY LIGHT CRAN.GRAPE 64 OZ,0003120034327,JUGOS PET,16.0,2024-03-28,-0.33333333333333337,23.75,-9.810126582278478,3120034327,0.0,0003120034327,0.0
153222,4/4/2024 to 4/10/2024,OCEAN SPRAY LIGHT CRAN.GRAPE 64 OZ,0003120034327,JUGOS PET,28.0,2024-04-04,0.75,24.0,1.0526315789473717,3120034327,0.0,0003120034327,0.0
153223,4/11/2024 to 4/17/2024,OCEAN SPRAY LIGHT CRAN.GRAPE 64 OZ,0003120034327,JUGOS PET,40.0,2024-04-11,0.4285714285714286,27.0,12.5,3120034327,0.0,0003120034327,0.0
153224,4/18/2024 to 4/24/2024,OCEAN SPRAY LIGHT CRAN.GRAPE 64 OZ,0003120034327,JUGOS PET,32.0,2024-04-18,-0.19999999999999996,29.0,7.407407407407418,3120034327,0.0,0003120034327,0.0
153225,4/25/2024 to 5/1/2024,OCEAN SPRAY LIGHT CRAN.GRAPE 64 OZ,0003120034327,JUGOS PET,25.0,2024-04-25,-0.21875,31.25,7.758620689655182,3120034327,0.0,0003120034327,0.0
153226,5/2/2024 to 5/8/2024,OCEAN SPRAY LIGHT CRAN.GRAPE 64 OZ,0003120034327,JUGOS PET,27.0,2024-05-02,0.08000000000000007,31.0,-0.8000000000000007,3120034327,0.0,0003120034327,0.0
153227,5/9/2024 to 5/15/2024,OCEAN SPRAY LIGHT CRAN.GRAPE 64 OZ,0003120034327,JUGOS PET,18.0,2024-05-09,-0.33333333333333337,25.5,-17.741935483870964,3120034327,0.0,0003120034327,0.0
153228,5/16/2024 to 5/22/2024,OCEAN SPRAY LIGHT CRAN.GRAPE 64 OZ,0003120034327,JUGOS PET,43.0,2024-05-16,1.3888888888888888,28.25,10.784313725490202,3120034327,9.295774647887335,0003120034327,0.33000000000000007
238836,3/7/2024 to 3/13/2024,WELCH GRAPE CONCORD JUICE COCKT 64OZ,0004180020199,JUGOS PET,141.0,2024-03-07,,141.0,,4180020199,,0004180020199,
238837,3/14/2024 to 3/20/2024,WELCH GRAPE CONCORD JUICE COCKT 64OZ,0004180020199,JUGOS PET,246.0,2024-03-14,0.7446808510638299,193.5,37.23404255319149,4180020199,0.0,0004180020199,0.0
238838,3/21/2024 to 3/27/2024,WELCH GRAPE CONCORD JUICE COCKT 64OZ,0004180020199,JUGOS PET,259.0,2024-03-21,0.05284552845528445,215.33333333333334,11.283376399655465,4180020199,0.0,0004180020199,0.0
238839,3/28/2024 to 4/3/2024,WELCH GRAPE CONCORD JUICE COCKT 64OZ,0004180020199,JUGOS PET,62.0,2024-03-28,-0.7606177606177607,177.0,-17.801857585139324,4180020199,0.0,0004180020199,0.0
238840,4/4/2024 to 4/10/2024,WELCH GRAPE CONCORD JUICE COCKT 64OZ,0004180020199,JUGOS PET,111.0,2024-04-04,0.7903225806451613,169.5,-4.23728813559322,4180020199,0.0,0004180020199,0.0
238841,4/11/2024 to 4/17/2024,WELCH GRAPE CONCORD JUICE COCKT 64OZ,0004180020199,JUGOS PET,137.0,2024-04-11,0.23423423423423428,142.25,-16.07669616519174,4180020199,0.0,0004180020199,0.0
238842,4/18/2024 to 4/24/2024,WELCH GRAPE CONCORD JUICE COCKT 64OZ,0004180020199,JUGOS PET,113.0,2024-04-18,-0.17518248175182483,105.75,-25.65905096660809,4180020199,0.0,0004180020199,0.0
238843,4/25/2024 to 5/1/2024,WELCH GRAPE CONCORD JUICE COCKT 64OZ,0004180020199,JUGOS PET,73.0,2024-04-25,-0.35398230088495575,108.5,2.6004728132387633,4180020199,0.0,0004180020199,0.0
238844,5/2/2024 to 5/8/2024,WELCH GRAPE CONCORD JUICE COCKT 64OZ,0004180020199,JUGOS PET,187.0,2024-05-02,1.5616438356164384,127.5,17.51152073732718,4180020199,0.0,0004180020199,0.0
238845,5/9/2024 to 5/15/2024,WELCH GRAPE CONCORD JUICE COCKT 64OZ,0004180020199,JUGOS PET,180.0,2024-05-09,-0.03743315508021394,138.25,8.4313725490196,4180020199,0.0,0004180020199,0.0
238846,5/16/2024 to 5/22/2024,WELCH GRAPE CONCORD JUICE COCKT 64OZ,0004180020199,JUGOS PET,126.0,2024-05-16,-0.30000000000000004,141.5,2.350813743218816,4180020199,21.449275362318843,0004180020199,0.7400000000000002
238862,3/7/2024 to 3/13/2024,WELCH'S GRAPE JUICE 100% 64 OZ,0004180020750,JUGOS PET,273.0,2024-03-07,,273.0,,4180020750,,0004180020750,
238863,3/14/2024 to 3/20/2024,WELCH'S GRAPE JUICE 100% 64 OZ,0004180020750,JUGOS PET,364.0,2024-03-14,0.33333333333333326,318.5,16.666666666666675,4180020750,0.0,0004180020750,0.0
238864,3/21/2024 to 3/27/2024,WELCH'S GRAPE JUICE 100% 64 OZ,0004180020750,JUGOS PET,311.0,2024-03-21,-0.14560439560439564,316.0,-0.7849293563579329,4180020750,0.0,0004180020750,0.0
238865,3/28/2024 to 4/3/2024,WELCH'S GRAPE JUICE 100% 64 OZ,0004180020750,JUGOS PET,235.0,2024-03-28,-0.24437299035369775,295.75,-6.408227848101267,4180020750,0.0,0004180020750,0.0
238866,4/4/2024 to 4/10/2024,WELCH'S GRAPE JUICE 100% 64 OZ,0004180020750,JUGOS PET,323.0,2024-04-04,0.3744680851063831,308.25,4.2265426880811585,4180020750,0.0,0004180020750,0.0
238867,4/11/2024 to 4/17/2024,WELCH'S GRAPE JUICE 100% 64 OZ,0004180020750,JUGOS PET,363.0,2024-04-11,0.1238390092879258,308.0,-0.08110300081103361,4180020750,0.0,0004180020750,0.0
238868,4/18/2024 to 4/24/2024,WELCH'S GRAPE JUICE 100% 64 OZ,0004180020750,JUGOS PET,499.0,2024-04-18,0.3746556473829201,355.0,15.259740259740262,4180020750,0.0,0004180020750,0.0
238869,4/25/2024 to 5/1/2024,WELCH'S GRAPE JUICE 100% 64 OZ,0004180020750,JUGOS PET,370.0,2024-04-25,-0.2585170340681363,388.75,9.507042253521124,4180020750,0.0,0004180020750,0.0
238870,5/2/2024 to 5/8/2024,WELCH'S GRAPE JUICE 100% 64 OZ,0004180020750,JUGOS PET,295.0,2024-05-02,-0.20270270270270274,381.75,-1.8006430868167222,4180020750,0.0,0004180020750,0.0
238871,5/9/2024 to 5/15/2024,WELCH'S GRAPE JUICE 100% 64 OZ,0004180020750,JUGOS PET,294.0,2024-05-09,-0.003389830508474523,364.5,-4.518664047151278,4180020750,0.0,0004180020750,0.0
238872,5/16/2024 to 5/22/2024,WELCH'S GRAPE JUICE 100% 64 OZ,0004180020750,JUGOS PET,347.0,2024-05-16,0.1802721088435375,326.5,-10.42524005486969,4180020750,0.0,0004180020750,0.0
238966,3/7/2024 to 3/13/2024,WELCH'S WHITE GRAPE 100% JUICE 64 OZ,0004180022700,JUGOS PET,93.0,2024-03-07,,93.0,,4180022700,,0004180022700,
238967,3/14/2024 to 3/20/2024,WELCH'S WHITE GRAPE 100% JUICE 64 OZ,0004180022700,JUGOS PET,107.0,2024-03-14,0.15053763440860224,100.0,7.526881720430101,4180022700,0.0,0004180022700,0.0
238968,3/21/2024 to 3/27/2024,WELCH'S WHITE GRAPE 100% JUICE 64 OZ,0004180022700,JUGOS PET,83.0,2024-03-21,-0.22429906542056077,94.33333333333333,-5.666666666666675,4180022700,0.0,0004180022700,0.0
238969,3/28/2024 to 4/3/2024,WELCH'S WHITE GRAPE 100% JUICE 64 OZ,0004180022700,JUGOS PET,81.0,2024-03-28,-0.02409638554216864,91.0,-3.5335689045936314,4180022700,0.0,0004180022700,0.0
238970,4/4/2024 to 4/10/2024,WELCH'S WHITE GRAPE 100% JUICE 64 OZ,0004180022700,JUGOS PET,84.0,2024-04-04,0.03703703703703698,88.75,-2.472527472527475,4180022700,0.0,0004180022700,0.0
238971,4/11/2024 to 4/17/2024,WELCH'S WHITE GRAPE 100% JUICE 64 OZ,0004180022700,JUGOS PET,100.0,2024-04-11,0.19047619047619047,87.0,-1.9718309859154903,4180022700,0.0,0004180022700,0.0
238972,4/18/2024 to 4/24/2024,WELCH'S WHITE GRAPE 100% JUICE 64 OZ,0004180022700,JUGOS PET,182.0,2024-04-18,0.8200000000000001,111.75,28.44827586206897,4180022700,0.0,0004180022700,0.0
238973,4/25/2024 to 5/1/2024,WELCH'S WHITE GRAPE 100% JUICE 64 OZ,0004180022700,JUGOS PET,145.0,2024-04-25,-0.20329670329670335,127.75,14.317673378076057,4180022700,0.0,0004180022700,0.0
238974,5/2/2024 to 5/8/2024,WELCH'S WHITE GRAPE 100% JUICE 64 OZ,0004180022700,JUGOS PET,65.0,2024-05-02,-0.5517241379310345,123.0,-3.718199608610573,4180022700,0.0,0004180022700,0.0
238975,5/9/2024 to 5/15/2024,WELCH'S WHITE GRAPE 100% JUICE 64 OZ,0004180022700,JUGOS PET,94.0,2024-05-09,0.4461538461538461,121.5,-1.2195121951219523,4180022700,0.0,0004180022700,0.0
238976,5/16/2024 to 5/22/2024,WELCH'S WHITE GRAPE 100% JUICE 64 OZ,0004180022700,JUGOS PET,88.0,2024-05-16,-0.06382978723404253,98.0,-19.34156378600823,4180022700,0.0,0004180022700,0.0
239148,3/7/2024 to 3/13/2024,WELCHS GRAPE JUICE 100 % 10 OZ,0004180035400,JUGOS PET,741.0,2024-03-07,,741.0,,4180035400,,0004180035400,
239149,3/14/2024 to 3/20/2024,WELCHS GRAPE JUICE 100 % 10 OZ,0004180035400,JUGOS PET,883.0,2024-03-14,0.19163292847503377,812.0,9.581646423751678,4180035400,0.0,0004180035400,0.0
239150,3/21/2024 to 3/27/2024,WELCHS GRAPE JUICE 100 % 10 OZ,0004180035400,JUGOS PET,848.0,2024-03-21,-0.03963759909399778,824.0,1.4778325123152802,4180035400,0.0,0004180035400,0.0
239151,3/28/2024 to 4/3/2024,WELCHS GRAPE JUICE 100 % 10 OZ,0004180035400,JUGOS PET,497.0,2024-03-28,-0.4139150943396226,742.25,-9.921116504854366,4180035400,0.0,0004180035400,0.0
239152,4/4/2024 to 4/10/2024,WELCHS GRAPE JUICE 100 % 10 OZ,0004180035400,JUGOS PET,827.0,2024-04-04,0.663983903420523,763.75,2.8965981812058006,4180035400,0.0,0004180035400,0.0
239153,4/11/2024 to 4/17/2024,WELCHS GRAPE JUICE 100 % 10 OZ,0004180035400,JUGOS PET,807.0,2024-04-11,-0.024183796856106388,744.75,-2.487725040916533,4180035400,0.0,0004180035400,0.0
239154,4/18/2024 to 4/24/2024,WELCHS GRAPE JUICE 100 % 10 OZ,0004180035400,JUGOS PET,894.0,2024-04-18,0.10780669144981414,756.25,1.5441423296408185,4180035400,0.0,0004180035400,0.0
239155,4/25/2024 to 5/1/2024,WELCHS GRAPE JUICE 100 % 10 OZ,0004180035400,JUGOS PET,625.0,2024-04-25,-0.30089485458612975,788.25,4.231404958677687,4180035400,0.0,0004180035400,0.0
239156,5/2/2024 to 5/8/2024,WELCHS GRAPE JUICE 100 % 10 OZ,0004180035400,JUGOS PET,797.0,2024-05-02,0.2751999999999999,780.75,-0.9514747859181716,4180035400,0.0,0004180035400,0.0
239157,5/9/2024 to 5/15/2024,WELCHS GRAPE JUICE 100 % 10 OZ,0004180035400,JUGOS PET,721.0,2024-05-09,-0.09535759096612295,759.25,-2.753762407941085,4180035400,0.0,0004180035400,0.0
239158,5/16/2024 to 5/22/2024,WELCHS GRAPE JUICE 100 % 10 OZ,0004180035400,JUGOS PET,1061.0,2024-05-16,0.47156726768377255,801.0,5.498847546921315,4180035400,0.0,0004180035400,0.0
248638,3/7/2024 to 3/13/2024,NABISCO CHIP AHOY MINI S SERVE 12 PK,0004400002027,GALLETAS,106.0,2024-03-07,,106.0,,4400002027,,0004400002027,
248639,3/14/2024 to 3/20/2024,NABISCO CHIP AHOY MINI S SERVE 12 PK,0004400002027,GALLETAS,152.0,2024-03-14,0.4339622641509433,129.0,21.698113207547177,4400002027,0.0,0004400002027,0.0
248640,3/21/2024 to 3/27/2024,NABISCO CHIP AHOY MINI S SERVE 12 PK,0004400002027,GALLETAS,61.0,2024-03-21,-0.5986842105263157,106.33333333333333,-17.57105943152455,4400002027,0.0,0004400002027,0.0
248641,3/28/2024 to 4/3/2024,NABISCO CHIP AHOY MINI S SERVE 12 PK,0004400002027,GALLETAS,57.0,2024-03-28,-0.06557377049180324,94.0,-11.598746081504697,4400002027,0.0,0004400002027,0.0
248642,4/4/2024 to 4/10/2024,NABISCO CHIP AHOY MINI S SERVE 12 PK,0004400002027,GALLETAS,282.0,2024-04-04,3.947368421052632,138.0,46.808510638297875,4400002027,0.0,0004400002027,0.0
248643,4/11/2024 to 4/17/2024,NABISCO CHIP AHOY MINI S SERVE 12 PK,0004400002027,GALLETAS,286.0,2024-04-11,0.014184397163120588,171.5,24.27536231884058,4400002027,0.0,0004400002027,0.0
248644,4/18/2024 to 4/24/2024,NABISCO CHIP AHOY MINI S SERVE 12 PK,0004400002027,GALLETAS,196.0,2024-04-18,-0.3146853146853147,205.25,19.67930029154519,4400002027,0.0,0004400002027,0.0
248645,4/25/2024 to 5/1/2024,NABISCO CHIP AHOY MINI S SERVE 12 PK,0004400002027,GALLETAS,162.0,2024-04-25,-0.173469387755102,231.5,12.78928136419002,4400002027,0.0,0004400002027,0.0
248646,5/2/2024 to 5/8/2024,NABISCO CHIP AHOY MINI S SERVE 12 PK,0004400002027,GALLETAS,239.0,2024-05-02,0.47530864197530853,220.75,-4.643628509719222,4400002027,0.0,0004400002027,0.0
248647,5/9/2024 to 5/15/2024,NABISCO CHIP AHOY MINI S SERVE 12 PK,0004400002027,GALLETAS,273.0,2024-05-09,0.14225941422594146,217.5,-1.4722536806342057,4400002027,0.0,0004400002027,0.0
248648,5/16/2024 to 5/22/2024,NABISCO CHIP AHOY MINI S SERVE 12 PK,0004400002027,GALLETAS,152.0,2024-05-16,-0.4432234432234432,206.5,-5.057471264367819,4400002027,5.825242718446599,0004400002027,0.2999999999999998
248651,3/7/2024 to 3/13/2024,OREO MINI SINGLE SERVE 12 PK,0004400002028,GALLETAS,257.0,2024-03-07,,257.0,,4400002028,,0004400002028,
248652,3/14/2024 to 3/20/2024,OREO MINI SINGLE SERVE 12 PK,0004400002028,GALLETAS,503.0,2024-03-14,0.9571984435797665,380.0,47.859922178988334,4400002028,0.0,0004400002028,0.0
248653,3/21/2024 to 3/27/2024,OREO MINI SINGLE SERVE 12 PK,0004400002028,GALLETAS,310.0,2024-03-21,-0.3836978131212724,356.6666666666667,-6.140350877192979,4400002028,0.0,0004400002028,0.0
248654,3/28/2024 to 4/3/2024,OREO MINI SINGLE SERVE 12 PK,0004400002028,GALLETAS,129.0,2024-03-28,-0.5838709677419355,299.75,-15.957943925233653,4400002028,0.0,0004400002028,0.0
248655,4/4/2024 to 4/10/2024,OREO MINI SINGLE SERVE 12 PK,0004400002028,GALLETAS,415.0,2024-04-04,2.2170542635658914,339.25,13.177648040033363,4400002028,0.0,0004400002028,0.0
248656,4/11/2024 to 4/17/2024,OREO MINI SINGLE SERVE 12 PK,0004400002028,GALLETAS,398.0,2024-04-11,-0.04096385542168679,313.0,-7.737656595431098,4400002028,0.0,0004400002028,0.0
248657,4/18/2024 to 4/24/2024,OREO MINI SINGLE SERVE 12 PK,0004400002028,GALLETAS,217.0,2024-04-18,-0.4547738693467337,289.75,-7.428115015974446,4400002028,0.0,0004400002028,0.0
248658,4/25/2024 to 5/1/2024,OREO MINI SINGLE SERVE 12 PK,0004400002028,GALLETAS,146.0,2024-04-25,-0.3271889400921659,294.0,1.4667817083692913,4400002028,0.0,0004400002028,0.0
248659,5/2/2024 to 5/8/2024,OREO MINI SINGLE SERVE 12 PK,0004400002028,GALLETAS,238.0,2024-05-02,0.6301369863013699,249.75,-15.051020408163263,4400002028,0.0,0004400002028,0.0
248660,5/9/2024 to 5/15/2024,OREO MINI SINGLE SERVE 12 PK,0004400002028,GALLETAS,321.0,2024-05-09,0.3487394957983194,230.5,-7.707707707707712,4400002028,0.0,0004400002028,0.0
248661,5/16/2024 to 5/22/2024,OREO MINI SINGLE SERVE 12 PK,0004400002028,GALLETAS,159.0,2024-05-16,-0.5046728971962617,216.0,-6.290672451193058,4400002028,5.825242718446599,0004400002028,0.2999999999999998
248911,3/7/2024 to 3/13/2024,RITZ CRACKERS 13.7 OZ,0004400003111,GALLETAS,818.0,2024-03-07,,818.0,,4400003111,,0004400003111,
248912,3/14/2024 to 3/20/2024,RITZ CRACKERS 13.7 OZ,0004400003111,GALLETAS,1084.0,2024-03-14,0.3251833740831296,951.0,16.25916870415649,4400003111,0.0,0004400003111,0.0
248913,3/21/2024 to 3/27/2024,RITZ CRACKERS 13.7 OZ,0004400003111,GALLETAS,990.0,2024-03-21,-0.08671586715867163,964.0,1.3669821240799074,4400003111,0.0,0004400003111,0.0
248914,3/28/2024 to 4/3/2024,RITZ CRACKERS 13.7 OZ,0004400003111,GALLETAS,525.0,2024-03-28,-0.4696969696969697,854.25,-11.384854771784237,4400003111,0.0,0004400003111,0.0
248915,4/4/2024 to 4/10/2024,RITZ CRACKERS 13.7 OZ,0004400003111,GALLETAS,933.0,2024-04-04,0.7771428571428571,883.0,3.365525314603457,4400003111,0.0,0004400003111,0.0
248916,4/11/2024 to 4/17/2024,RITZ CRACKERS 13.7 OZ,0004400003111,GALLETAS,935.0,2024-04-11,0.002143622722400762,845.75,-4.218573046432617,4400003111,0.0,0004400003111,0.0
248917,4/18/2024 to 4/24/2024,RITZ CRACKERS 13.7 OZ,0004400003111,GALLETAS,911.0,2024-04-18,-0.025668449197860932,826.0,-2.335205438959509,4400003111,0.0,0004400003111,0.0
248918,4/25/2024 to 5/1/2024,RITZ CRACKERS 13.7 OZ,0004400003111,GALLETAS,622.0,2024-04-25,-0.31723380900109766,850.25,2.9358353510895885,4400003111,0.0,0004400003111,0.0
248919,5/2/2024 to 5/8/2024,RITZ CRACKERS 13.7 OZ,0004400003111,GALLETAS,1002.0,2024-05-02,0.6109324758842443,867.5,2.0288150543957606,4400003111,0.0,0004400003111,0.0
248920,5/9/2024 to 5/15/2024,RITZ CRACKERS 13.7 OZ,0004400003111,GALLETAS,1058.0,2024-05-09,0.055888223552894134,898.25,3.5446685878962603,4400003111,0.0,0004400003111,0.0
248921,5/16/2024 to 5/22/2024,RITZ CRACKERS 13.7 OZ,0004400003111,GALLETAS,818.0,2024-05-16,-0.22684310018903586,875.0,-2.5883662677428365,4400003111,10.7936507936508,0004400003111,0.3400000000000003
249002,3/7/2024 to 3/13/2024,NILLA MINI WAFERS SINGLE SERVE 12 CT,0004400003128,GALLETAS,20.0,2024-03-07,,20.0,,4400003128,,0004400003128,
249003,3/14/2024 to 3/20/2024,NILLA MINI WAFERS SINGLE SERVE 12 CT,0004400003128,GALLETAS,33.0,2024-03-14,0.6499999999999999,26.5,32.49999999999999,4400003128,0.0,0004400003128,0.0
249004,3/21/2024 to 3/27/2024,NILLA MINI WAFERS SINGLE SERVE 12 CT,0004400003128,GALLETAS,45.0,2024-03-21,0.36363636363636354,32.666666666666664,23.27044025157232,4400003128,0.0,0004400003128,0.0
249005,3/28/2024 to 4/3/2024,NILLA MINI WAFERS SINGLE SERVE 12 CT,0004400003128,GALLETAS,24.0,2024-03-28,-0.4666666666666667,30.5,-6.632653061224481,4400003128,0.0,0004400003128,0.0
249006,4/4/2024 to 4/10/2024,NILLA MINI WAFERS SINGLE SERVE 12 CT,0004400003128,GALLETAS,31.0,2024-04-04,0.29166666666666674,33.25,9.016393442622949,4400003128,0.0,0004400003128,0.0
249007,4/11/2024 to 4/17/2024,NILLA MINI WAFERS SINGLE SERVE 12 CT,0004400003128,GALLETAS,54.0,2024-04-11,0.7419354838709677,38.5,15.789473684210531,4400003128,0.0,0004400003128,0.0
249008,4/18/2024 to 4/24/2024,NILLA MINI WAFERS SINGLE SERVE 12 CT,0004400003128,GALLETAS,38.0,2024-04-18,-0.2962962962962963,36.75,-4.545454545454541,4400003128,0.0,0004400003128,0.0
249009,4/25/2024 to 5/1/2024,NILLA MINI WAFERS SINGLE SERVE 12 CT,0004400003128,GALLETAS,22.0,2024-04-25,-0.42105263157894735,36.25,-1.3605442176870763,4400003128,0.0,0004400003128,0.0
249010,5/2/2024 to 5/8/2024,NILLA MINI WAFERS SINGLE SERVE 12 CT,0004400003128,GALLETAS,32.0,2024-05-02,0.4545454545454546,36.5,0.6896551724137945,4400003128,0.0,0004400003128,0.0
249011,5/9/2024 to 5/15/2024,NILLA MINI WAFERS SINGLE SERVE 12 CT,0004400003128,GALLETAS,33.0,2024-05-09,0.03125,31.25,-14.383561643835618,4400003128,0.0,0004400003128,0.0
249012,5/16/2024 to 5/22/2024,NILLA MINI WAFERS SINGLE SERVE 12 CT,0004400003128,GALLETAS,22.0,2024-05-16,-0.33333333333333337,27.25,-12.8,4400003128,5.825242718446599,0004400003128,0.2999999999999998
249093,3/7/2024 to 3/13/2024,CHIPS AHOY CHOCO CHIPS 13.0 OZ,0004400003219,GALLETAS,545.0,2024-03-07,,545.0,,4400003219,,0004400003219,
249094,3/14/2024 to 3/20/2024,CHIPS AHOY CHOCO CHIPS 13.0 OZ,0004400003219,GALLETAS,279.0,2024-03-14,-0.48807339449541287,412.0,-24.403669724770637,4400003219,0.0,0004400003219,0.0
249095,3/21/2024 to 3/27/2024,CHIPS AHOY CHOCO CHIPS 13.0 OZ,0004400003219,GALLETAS,264.0,2024-03-21,-0.053763440860215006,362.6666666666667,-11.97411003236245,4400003219,0.0,0004400003219,0.0
249096,3/28/2024 to 4/3/2024,CHIPS AHOY CHOCO CHIPS 13.0 OZ,0004400003219,GALLETAS,379.0,2024-03-28,0.43560606060606055,366.75,1.1259191176470562,4400003219,0.0,0004400003219,0.0
249097,4/4/2024 to 4/10/2024,CHIPS AHOY CHOCO CHIPS 13.0 OZ,0004400003219,GALLETAS,477.0,2024-04-04,0.25857519788918215,349.75,-4.6353101567825465,4400003219,0.0,0004400003219,0.0
249098,4/11/2024 to 4/17/2024,CHIPS AHOY CHOCO CHIPS 13.0 OZ,0004400003219,GALLETAS,472.0,2024-04-11,-0.010482180293501009,398.0,13.795568263045022,4400003219,0.0,0004400003219,0.0
249099,4/18/2024 to 4/24/2024,CHIPS AHOY CHOCO CHIPS 13.0 OZ,0004400003219,GALLETAS,263.0,2024-04-18,-0.44279661016949157,397.75,-0.06281407035175768,4400003219,0.0,0004400003219,0.0
249100,4/25/2024 to 5/1/2024,CHIPS AHOY CHOCO CHIPS 13.0 OZ,0004400003219,GALLETAS,179.0,2024-04-25,-0.31939163498098855,347.75,-12.570710245128847,4400003219,0.0,0004400003219,0.0
249101,5/2/2024 to 5/8/2024,CHIPS AHOY CHOCO CHIPS 13.0 OZ,0004400003219,GALLETAS,476.0,2024-05-02,1.6592178770949721,347.5,-0.07189072609633529,4400003219,0.0,0004400003219,0.0
249102,5/9/2024 to 5/15/2024,CHIPS AHOY CHOCO CHIPS 13.0 OZ,0004400003219,GALLETAS,565.0,2024-05-09,0.1869747899159664,370.75,6.690647482014378,4400003219,0.0,0004400003219,0.0
249103,5/16/2024 to 5/22/2024,CHIPS AHOY CHOCO CHIPS 13.0 OZ,0004400003219,GALLETAS,286.0,2024-05-16,-0.4938053097345133,376.5,1.5509103169251581,4400003219,0.0,0004400003219,0.0
249925,3/7/2024 to 3/13/2024,OREO SANDWICH SINGLE SERVE 12 PK,0004400004698,GALLETAS,51.0,2024-03-07,,51.0,,4400004698,,0004400004698,
249926,3/14/2024 to 3/20/2024,OREO SANDWICH SINGLE SERVE 12 PK,0004400004698,GALLETAS,50.0,2024-03-14,-0.019607843137254943,50.5,-0.9803921568627416,4400004698,0.0,0004400004698,0.0
249927,3/21/2024 to 3/27/2024,OREO SANDWICH SINGLE SERVE 12 PK,0004400004698,GALLETAS,41.0,2024-03-21,-0.18000000000000005,47.333333333333336,-6.270627062706269,4400004698,0.0,0004400004698,0.0
249928,3/28/2024 to 4/3/2024,OREO SANDWICH SINGLE SERVE 12 PK,0004400004698,GALLETAS,22.0,2024-03-28,-0.46341463414634143,41.0,-13.38028169014085,4400004698,0.0,0004400004698,0.0
249929,4/4/2024 to 4/10/2024,OREO SANDWICH SINGLE SERVE 12 PK,0004400004698,GALLETAS,31.0,2024-04-04,0.40909090909090917,36.0,-12.195121951219512,4400004698,0.0,0004400004698,0.0
249930,4/11/2024 to 4/17/2024,OREO SANDWICH SINGLE SERVE 12 PK,0004400004698,GALLETAS,58.0,2024-04-11,0.8709677419354838,38.0,5.555555555555558,4400004698,0.0,0004400004698,0.0
249931,4/18/2024 to 4/24/2024,OREO SANDWICH SINGLE SERVE 12 PK,0004400004698,GALLETAS,69.0,2024-04-18,0.18965517241379315,45.0,18.421052631578938,4400004698,0.0,0004400004698,0.0
249932,4/25/2024 to 5/1/2024,OREO SANDWICH SINGLE SERVE 12 PK,0004400004698,GALLETAS,32.0,2024-04-25,-0.536231884057971,47.5,5.555555555555558,4400004698,6.163328197226492,0004400004698,0.39999999999999947
249933,5/2/2024 to 5/8/2024,OREO SANDWICH SINGLE SERVE 12 PK,0004400004698,GALLETAS,37.0,2024-05-02,0.15625,49.0,3.157894736842115,4400004698,0.0,0004400004698,0.0
249934,5/9/2024 to 5/15/2024,OREO SANDWICH SINGLE SERVE 12 PK,0004400004698,GALLETAS,34.0,2024-05-09,-0.08108108108108103,43.0,-12.244897959183676,4400004698,0.0,0004400004698,0.0
249935,5/16/2024 to 5/22/2024,OREO SANDWICH SINGLE SERVE 12 PK,0004400004698,GALLETAS,39.0,2024-05-16,0.1470588235294117,35.5,-17.441860465116278,4400004698,0.0,0004400004698,0.0
250328,3/7/2024 to 3/13/2024,CHIPS AHOY! SINGLE SERVE 12 CT,0004400005222,GALLETAS,38.0,2024-03-07,,38.0,,4400005222,,0004400005222,
250329,3/14/2024 to 3/20/2024,CHIPS AHOY! SINGLE SERVE 12 CT,0004400005222,GALLETAS,43.0,2024-03-14,0.13157894736842102,40.5,6.578947368421062,4400005222,0.0,0004400005222,0.0
250330,3/21/2024 to 3/27/2024,CHIPS AHOY! SINGLE SERVE 12 CT,0004400005222,GALLETAS,16.0,2024-03-21,-0.627906976744186,32.333333333333336,-20.16460905349794,4400005222,0.0,0004400005222,0.0
250331,3/28/2024 to 4/3/2024,CHIPS AHOY! SINGLE SERVE 12 CT,0004400005222,GALLETAS,18.0,2024-03-28,0.125,28.75,-11.082474226804129,4400005222,0.0,0004400005222,0.0
250332,4/4/2024 to 4/10/2024,CHIPS AHOY! SINGLE SERVE 12 CT,0004400005222,GALLETAS,31.0,2024-04-04,0.7222222222222223,27.0,-6.086956521739129,4400005222,0.0,0004400005222,0.0
250333,4/11/2024 to 4/17/2024,CHIPS AHOY! SINGLE SERVE 12 CT,0004400005222,GALLETAS,44.0,2024-04-11,0.4193548387096775,27.25,0.92592592592593,4400005222,0.0,0004400005222,0.0
250334,4/18/2024 to 4/24/2024,CHIPS AHOY! SINGLE SERVE 12 CT,0004400005222,GALLETAS,38.0,2024-04-18,-0.13636363636363635,32.75,20.1834862385321,4400005222,0.0,0004400005222,0.0
250335,4/25/2024 to 5/1/2024,CHIPS AHOY! SINGLE SERVE 12 CT,0004400005222,GALLETAS,26.0,2024-04-25,-0.3157894736842105,34.75,6.106870229007644,4400005222,6.163328197226492,0004400005222,0.39999999999999947
250336,5/2/2024 to 5/8/2024,CHIPS AHOY! SINGLE SERVE 12 CT,0004400005222,GALLETAS,33.0,2024-05-02,0.26923076923076916,35.25,1.4388489208633004,4400005222,0.0,0004400005222,0.0
250337,5/9/2024 to 5/15/2024,CHIPS AHOY! SINGLE SERVE 12 CT,0004400005222,GALLETAS,33.0,2024-05-09,0.0,32.5,-7.801418439716312,4400005222,0.0,0004400005222,0.0
250338,5/16/2024 to 5/22/2024,CHIPS AHOY! SINGLE SERVE 12 CT,0004400005222,GALLETAS,19.0,2024-05-16,-0.4242424242424242,27.75,-14.615384615384619,4400005222,0.0,0004400005222,0.0
277420,3/7/2024 to 3/13/2024,POWERADE LIMON 20 OZ,0004900000369,BEBIDAS,363.0,2024-03-07,,363.0,,4900000369,,0004900000369,
277421,3/14/2024 to 3/20/2024,POWERADE LIMON 20 OZ,0004900000369,BEBIDAS,236.0,2024-03-14,-0.349862258953168,299.5,-17.493112947658407,4900000369,0.0,0004900000369,0.0
277422,3/21/2024 to 3/27/2024,POWERADE LIMON 20 OZ,0004900000369,BEBIDAS,169.0,2024-03-21,-0.2838983050847458,256.0,-14.52420701168614,4900000369,-4.49438202247191,0004900000369,-0.040000000000000036
277423,3/28/2024 to 4/3/2024,POWERADE LIMON 20 OZ,0004900000369,BEBIDAS,148.0,2024-03-28,-0.12426035502958577,229.0,-10.546875,4900000369,0.0,0004900000369,0.0
277424,4/4/2024 to 4/10/2024,POWERADE LIMON 20 OZ,0004900000369,BEBIDAS,383.0,2024-04-04,1.5878378378378377,234.0,2.183406113537112,4900000369,0.0,0004900000369,0.0
277425,4/11/2024 to 4/17/2024,POWERADE LIMON 20 OZ,0004900000369,BEBIDAS,364.0,2024-04-11,-0.04960835509138384,266.0,13.675213675213671,4900000369,0.0,0004900000369,0.0
277426,4/18/2024 to 4/24/2024,POWERADE LIMON 20 OZ,0004900000369,BEBIDAS,222.0,2024-04-18,-0.39010989010989006,279.25,4.981203007518786,4900000369,0.0,0004900000369,0.0
277427,4/25/2024 to 5/1/2024,POWERADE LIMON 20 OZ,0004900000369,BEBIDAS,181.0,2024-04-25,-0.18468468468468469,287.5,2.9543419874664245,4900000369,0.0,0004900000369,0.0
277428,5/2/2024 to 5/8/2024,POWERADE LIMON 20 OZ,0004900000369,BEBIDAS,289.0,2024-05-02,0.5966850828729282,264.0,-8.173913043478265,4900000369,0.0,0004900000369,0.0
277429,5/9/2024 to 5/15/2024,POWERADE LIMON 20 OZ,0004900000369,BEBIDAS,328.0,2024-05-09,0.13494809688581322,255.0,-3.409090909090906,4900000369,0.0,0004900000369,0.0
277430,5/16/2024 to 5/22/2024,POWERADE LIMON 20 OZ,0004900000369,BEBIDAS,261.0,2024-05-16,-0.2042682926829268,264.75,3.8235294117647145,4900000369,0.0,0004900000369,0.0
277433,3/7/2024 to 3/13/2024,POWERADE FRUIT PUNCH 20 OZ,0004900000371,BEBIDAS,1310.0,2024-03-07,,1310.0,,4900000371,,0004900000371,
277434,3/14/2024 to 3/20/2024,POWERADE FRUIT PUNCH 20 OZ,0004900000371,BEBIDAS,848.0,2024-03-14,-0.3526717557251908,1079.0,-17.63358778625954,4900000371,0.0,0004900000371,0.0
277435,3/21/2024 to 3/27/2024,POWERADE FRUIT PUNCH 20 OZ,0004900000371,BEBIDAS,489.0,2024-03-21,-0.42334905660377353,882.3333333333334,-18.2267531665122,4900000371,-4.49438202247191,0004900000371,-0.040000000000000036
277436,3/28/2024 to 4/3/2024,POWERADE FRUIT PUNCH 20 OZ,0004900000371,BEBIDAS,474.0,2024-03-28,-0.030674846625766916,780.25,-11.569701548923316,4900000371,0.0,0004900000371,0.0
277437,4/4/2024 to 4/10/2024,POWERADE FRUIT PUNCH 20 OZ,0004900000371,BEBIDAS,1100.0,2024-04-04,1.3206751054852321,727.75,-6.7286126241589255,4900000371,0.0,0004900000371,0.0
277438,4/11/2024 to 4/17/2024,POWERADE FRUIT PUNCH 20 OZ,0004900000371,BEBIDAS,1082.0,2024-04-11,-0.016363636363636358,786.25,8.038474750944701,4900000371,0.0,0004900000371,0.0
277439,4/18/2024 to 4/24/2024,POWERADE FRUIT PUNCH 20 OZ,0004900000371,BEBIDAS,725.0,2024-04-18,-0.32994454713493526,845.25,7.503974562798099,4900000371,0.0,0004900000371,0.0
277440,4/25/2024 to 5/1/2024,POWERADE FRUIT PUNCH 20 OZ,0004900000371,BEBIDAS,564.0,2024-04-25,-0.22206896551724142,867.75,2.661934338952965,4900000371,0.0,0004900000371,0.0
277441,5/2/2024 to 5/8/2024,POWERADE FRUIT PUNCH 20 OZ,0004900000371,BEBIDAS,828.0,2024-05-02,0.46808510638297873,799.75,-7.836358398156151,4900000371,0.0,0004900000371,0.0
277442,5/9/2024 to 5/15/2024,POWERADE FRUIT PUNCH 20 OZ,0004900000371,BEBIDAS,896.0,2024-05-09,0.08212560386473422,753.25,-5.81431697405439,4900000371,0.0,0004900000371,0.0
277443,5/16/2024 to 5/22/2024,POWERADE FRUIT PUNCH 20 OZ,0004900000371,BEBIDAS,808.0,2024-05-16,-0.0982142857142857,774.0,2.754729505476261,4900000371,0.0,0004900000371,0.0
277485,3/7/2024 to 3/13/2024,POWERADE MOUNTAIN BLAST 2O OZ,0004900000790,BEBIDAS,1047.0,2024-03-07,,1047.0,,4900000790,,0004900000790,
277486,3/14/2024 to 3/20/2024,POWERADE MOUNTAIN BLAST 2O OZ,0004900000790,BEBIDAS,588.0,2024-03-14,-0.4383954154727794,817.5,-21.91977077363897,4900000790,0.0,0004900000790,0.0
277487,3/21/2024 to 3/27/2024,POWERADE MOUNTAIN BLAST 2O OZ,0004900000790,BEBIDAS,461.0,2024-03-21,-0.2159863945578231,698.6666666666666,-14.5361875637105,4900000790,-4.49438202247191,0004900000790,-0.040000000000000036
277488,3/28/2024 to 4/3/2024,POWERADE MOUNTAIN BLAST 2O OZ,0004900000790,BEBIDAS,315.0,2024-03-28,-0.3167028199566161,602.75,-13.728530534351135,4900000790,0.0,0004900000790,0.0
277489,4/4/2024 to 4/10/2024,POWERADE MOUNTAIN BLAST 2O OZ,0004900000790,BEBIDAS,790.0,2024-04-04,1.507936507936508,538.5,-10.659477395271677,4900000790,0.0,0004900000790,0.0
277490,4/11/2024 to 4/17/2024,POWERADE MOUNTAIN BLAST 2O OZ,0004900000790,BEBIDAS,869.0,2024-04-11,0.10000000000000009,608.75,13.045496750232122,4900000790,0.0,0004900000790,0.0
277491,4/18/2024 to 4/24/2024,POWERADE MOUNTAIN BLAST 2O OZ,0004900000790,BEBIDAS,567.0,2024-04-18,-0.3475258918296893,635.25,4.353182751540041,4900000790,0.0,0004900000790,0.0
277492,4/25/2024 to 5/1/2024,POWERADE MOUNTAIN BLAST 2O OZ,0004900000790,BEBIDAS,513.0,2024-04-25,-0.09523809523809523,684.75,7.792207792207795,4900000790,0.0,0004900000790,0.0
277493,5/2/2024 to 5/8/2024,POWERADE MOUNTAIN BLAST 2O OZ,0004900000790,BEBIDAS,681.0,2024-05-02,0.32748538011695905,657.5,-3.9795545819642175,4900000790,0.0,0004900000790,0.0
277494,5/9/2024 to 5/15/2024,POWERADE MOUNTAIN BLAST 2O OZ,0004900000790,BEBIDAS,697.0,2024-05-09,0.023494860499265746,614.5,-6.539923954372629,4900000790,0.0,0004900000790,0.0
277495,5/16/2024 to 5/22/2024,POWERADE MOUNTAIN BLAST 2O OZ,0004900000790,BEBIDAS,595.0,2024-05-16,-0.14634146341463417,621.5,1.1391375101708734,4900000790,0.0,0004900000790,0.0
277602,3/7/2024 to 3/13/2024,POWERADE ORANGE 20 OZ,0004900003278,BEBIDAS,420.0,2024-03-07,,420.0,,4900003278,,0004900003278,
277603,3/14/2024 to 3/20/2024,POWERADE ORANGE 20 OZ,0004900003278,BEBIDAS,312.0,2024-03-14,-0.2571428571428571,366.0,-12.857142857142856,4900003278,0.0,0004900003278,0.0
277604,3/21/2024 to 3/27/2024,POWERADE ORANGE 20 OZ,0004900003278,BEBIDAS,244.0,2024-03-21,-0.21794871794871795,325.3333333333333,-11.111111111111116,4900003278,-4.49438202247191,0004900003278,-0.040000000000000036
277605,3/28/2024 to 4/3/2024,POWERADE ORANGE 20 OZ,0004900003278,BEBIDAS,194.0,2024-03-28,-0.20491803278688525,292.5,-10.09221311475409,4900003278,0.0,0004900003278,0.0
277606,4/4/2024 to 4/10/2024,POWERADE ORANGE 20 OZ,0004900003278,BEBIDAS,408.0,2024-04-04,1.1030927835051547,289.5,-1.025641025641022,4900003278,0.0,0004900003278,0.0
277607,4/11/2024 to 4/17/2024,POWERADE ORANGE 20 OZ,0004900003278,BEBIDAS,396.0,2024-04-11,-0.02941176470588236,310.5,7.253886010362698,4900003278,0.0,0004900003278,0.0
277608,4/18/2024 to 4/24/2024,POWERADE ORANGE 20 OZ,0004900003278,BEBIDAS,277.0,2024-04-18,-0.3005050505050505,318.75,2.657004830917864,4900003278,0.0,0004900003278,0.0
277609,4/25/2024 to 5/1/2024,POWERADE ORANGE 20 OZ,0004900003278,BEBIDAS,235.0,2024-04-25,-0.15162454873646214,329.0,3.2156862745098103,4900003278,0.0,0004900003278,0.0
277610,5/2/2024 to 5/8/2024,POWERADE ORANGE 20 OZ,0004900003278,BEBIDAS,320.0,2024-05-02,0.36170212765957444,307.0,-6.686930091185406,4900003278,0.0,0004900003278,0.0
277611,5/9/2024 to 5/15/2024,POWERADE ORANGE 20 OZ,0004900003278,BEBIDAS,369.0,2024-05-09,0.15312499999999996,300.25,-2.1986970684039098,4900003278,0.0,0004900003278,0.0
277612,5/16/2024 to 5/22/2024,POWERADE ORANGE 20 OZ,0004900003278,BEBIDAS,325.0,2024-05-16,-0.1192411924119241,312.25,3.9966694421315507,4900003278,0.0,0004900003278,0.0
277667,3/7/2024 to 3/13/2024,POWERADE GRAPE 20 OZ,0004900004526,BEBIDAS,821.0,2024-03-07,,821.0,,4900004526,,0004900004526,
277668,3/14/2024 to 3/20/2024,POWERADE GRAPE 20 OZ,0004900004526,BEBIDAS,466.0,2024-03-14,-0.43239951278928135,643.5,-21.619975639464073,4900004526,0.0,0004900004526,0.0
277669,3/21/2024 to 3/27/2024,POWERADE GRAPE 20 OZ,0004900004526,BEBIDAS,395.0,2024-03-21,-0.1523605150214592,560.6666666666666,-12.872312872312875,4900004526,-4.49438202247191,0004900004526,-0.040000000000000036
277670,3/28/2024 to 4/3/2024,POWERADE GRAPE 20 OZ,0004900004526,BEBIDAS,295.0,2024-03-28,-0.25316455696202533,494.25,-11.846016646848978,4900004526,0.0,0004900004526,0.0
277671,4/4/2024 to 4/10/2024,POWERADE GRAPE 20 OZ,0004900004526,BEBIDAS,624.0,2024-04-04,1.1152542372881356,445.0,-9.964592817400098,4900004526,0.0,0004900004526,0.0
277672,4/11/2024 to 4/17/2024,POWERADE GRAPE 20 OZ,0004900004526,BEBIDAS,578.0,2024-04-11,-0.07371794871794868,473.0,6.292134831460672,4900004526,0.0,0004900004526,0.0
277673,4/18/2024 to 4/24/2024,POWERADE GRAPE 20 OZ,0004900004526,BEBIDAS,408.0,2024-04-18,-0.2941176470588235,476.25,0.6871035940803294,4900004526,0.0,0004900004526,0.0
277674,4/25/2024 to 5/1/2024,POWERADE GRAPE 20 OZ,0004900004526,BEBIDAS,308.0,2024-04-25,-0.2450980392156863,479.5,0.6824146981627255,4900004526,0.0,0004900004526,0.0
277675,5/2/2024 to 5/8/2024,POWERADE GRAPE 20 OZ,0004900004526,BEBIDAS,469.0,2024-05-02,0.5227272727272727,440.75,-8.081334723670485,4900004526,0.0,0004900004526,0.0
277676,5/9/2024 to 5/15/2024,POWERADE GRAPE 20 OZ,0004900004526,BEBIDAS,506.0,2024-05-09,0.07889125799573571,422.75,-4.083947816222344,4900004526,0.0,0004900004526,0.0
277677,5/16/2024 to 5/22/2024,POWERADE GRAPE 20 OZ,0004900004526,BEBIDAS,475.0,2024-05-16,-0.06126482213438733,439.5,3.9621525724423456,4900004526,0.0,0004900004526,0.0
277771,3/7/2024 to 3/13/2024,POWERADE ZERO MIXED BERRY 20 OZ,0004900005069,BEBIDAS,175.0,2024-03-07,,175.0,,4900005069,,0004900005069,
277772,3/14/2024 to 3/20/2024,POWERADE ZERO MIXED BERRY 20 OZ,0004900005069,BEBIDAS,159.0,2024-03-14,-0.09142857142857141,167.0,-4.571428571428571,4900005069,0.0,0004900005069,0.0
277773,3/21/2024 to 3/27/2024,POWERADE ZERO MIXED BERRY 20 OZ,0004900005069,BEBIDAS,101.0,2024-03-21,-0.3647798742138365,145.0,-13.173652694610782,4900005069,-4.49438202247191,0004900005069,-0.040000000000000036
277774,3/28/2024 to 4/3/2024,POWERADE ZERO MIXED BERRY 20 OZ,0004900005069,BEBIDAS,159.0,2024-03-28,0.5742574257425743,148.5,2.4137931034482696,4900005069,0.0,0004900005069,0.0
277775,4/4/2024 to 4/10/2024,POWERADE ZERO MIXED BERRY 20 OZ,0004900005069,BEBIDAS,256.0,2024-04-04,0.6100628930817611,168.75,13.636363636363647,4900005069,0.0,0004900005069,0.0
277776,4/11/2024 to 4/17/2024,POWERADE ZERO MIXED BERRY 20 OZ,0004900005069,BEBIDAS,213.0,2024-04-11,-0.16796875,182.25,8.000000000000007,4900005069,0.0,0004900005069,0.0
277777,4/18/2024 to 4/24/2024,POWERADE ZERO MIXED BERRY 20 OZ,0004900005069,BEBIDAS,126.0,2024-04-18,-0.4084507042253521,188.5,3.429355281207136,4900005069,0.0,0004900005069,0.0
277778,4/25/2024 to 5/1/2024,POWERADE ZERO MIXED BERRY 20 OZ,0004900005069,BEBIDAS,135.0,2024-04-25,0.0714285714285714,182.5,-3.183023872679047,4900005069,0.0,0004900005069,0.0
277779,5/2/2024 to 5/8/2024,POWERADE ZERO MIXED BERRY 20 OZ,0004900005069,BEBIDAS,175.0,2024-05-02,0.2962962962962963,162.25,-11.095890410958908,4900005069,0.0,0004900005069,0.0
277780,5/9/2024 to 5/15/2024,POWERADE ZERO MIXED BERRY 20 OZ,0004900005069,BEBIDAS,278.0,2024-05-09,0.5885714285714285,178.5,10.015408320493059,4900005069,0.0,0004900005069,0.0
277781,5/16/2024 to 5/22/2024,POWERADE ZERO MIXED BERRY 20 OZ,0004900005069,BEBIDAS,204.0,2024-05-16,-0.26618705035971224,198.0,10.924369747899165,4900005069,0.0,0004900005069,0.0
277836,3/7/2024 to 3/13/2024,POWERADE ZERO FRUIT PUNCH 20 OZ,0004900005642,BEBIDAS,203.0,2024-03-07,,203.0,,4900005642,,0004900005642,
277837,3/14/2024 to 3/20/2024,POWERADE ZERO FRUIT PUNCH 20 OZ,0004900005642,BEBIDAS,162.0,2024-03-14,-0.20197044334975367,182.5,-10.098522167487689,4900005642,0.0,0004900005642,0.0
277838,3/21/2024 to 3/27/2024,POWERADE ZERO FRUIT PUNCH 20 OZ,0004900005642,BEBIDAS,183.0,2024-03-21,0.12962962962962954,182.66666666666666,0.09132420091324533,4900005642,-4.49438202247191,0004900005642,-0.040000000000000036
277839,3/28/2024 to 4/3/2024,POWERADE ZERO FRUIT PUNCH 20 OZ,0004900005642,BEBIDAS,162.0,2024-03-28,-0.11475409836065575,177.5,-2.828467153284664,4900005642,0.0,0004900005642,0.0
277840,4/4/2024 to 4/10/2024,POWERADE ZERO FRUIT PUNCH 20 OZ,0004900005642,BEBIDAS,293.0,2024-04-04,0.808641975308642,200.0,12.676056338028175,4900005642,0.0,0004900005642,0.0
277841,4/11/2024 to 4/17/2024,POWERADE ZERO FRUIT PUNCH 20 OZ,0004900005642,BEBIDAS,191.0,2024-04-11,-0.3481228668941979,207.25,3.6249999999999893,4900005642,0.0,0004900005642,0.0
277842,4/18/2024 to 4/24/2024,POWERADE ZERO FRUIT PUNCH 20 OZ,0004900005642,BEBIDAS,237.0,2024-04-18,0.24083769633507845,220.75,6.5138721351025275,4900005642,0.0,0004900005642,0.0
277843,4/25/2024 to 5/1/2024,POWERADE ZERO FRUIT PUNCH 20 OZ,0004900005642,BEBIDAS,176.0,2024-04-25,-0.2573839662447257,224.25,1.5855039637599155,4900005642,0.0,0004900005642,0.0
277844,5/2/2024 to 5/8/2024,POWERADE ZERO FRUIT PUNCH 20 OZ,0004900005642,BEBIDAS,224.0,2024-05-02,0.2727272727272727,207.0,-7.692307692307687,4900005642,0.0,0004900005642,0.0
277845,5/9/2024 to 5/15/2024,POWERADE ZERO FRUIT PUNCH 20 OZ,0004900005642,BEBIDAS,244.0,2024-05-09,0.08928571428571419,220.25,6.4009661835748854,4900005642,0.0,0004900005642,0.0
277846,5/16/2024 to 5/22/2024,POWERADE ZERO FRUIT PUNCH 20 OZ,0004900005642,BEBIDAS,195.0,2024-05-16,-0.2008196721311475,209.75,-4.76730987514189,4900005642,0.0,0004900005642,0.0
339716,3/7/2024 to 3/13/2024,ROVIRA EXPORT SODA CRACKERS 28 OZ,0007298100105,GALLETAS,280.0,2024-03-07,,280.0,,7298100105,,0007298100105,
339717,3/14/2024 to 3/20/2024,ROVIRA EXPORT SODA CRACKERS 28 OZ,0007298100105,GALLETAS,193.0,2024-03-14,-0.3107142857142857,236.5,-15.535714285714286,7298100105,0.0,0007298100105,0.0
339718,3/21/2024 to 3/27/2024,ROVIRA EXPORT SODA CRACKERS 28 OZ,0007298100105,GALLETAS,150.0,2024-03-21,-0.2227979274611399,207.66666666666666,-12.191684284707549,7298100105,0.0,0007298100105,0.0
339719,3/28/2024 to 4/3/2024,ROVIRA EXPORT SODA CRACKERS 28 OZ,0007298100105,GALLETAS,100.0,2024-03-28,-0.33333333333333337,180.75,-12.96147672552167,7298100105,0.0,0007298100105,0.0
339720,4/4/2024 to 4/10/2024,ROVIRA EXPORT SODA CRACKERS 28 OZ,0007298100105,GALLETAS,185.0,2024-04-04,0.8500000000000001,157.0,-13.139695712309818,7298100105,0.0,0007298100105,0.0
339721,4/11/2024 to 4/17/2024,ROVIRA EXPORT SODA CRACKERS 28 OZ,0007298100105,GALLETAS,164.0,2024-04-11,-0.11351351351351346,149.75,-4.617834394904463,7298100105,0.0,0007298100105,0.0
339722,4/18/2024 to 4/24/2024,ROVIRA EXPORT SODA CRACKERS 28 OZ,0007298100105,GALLETAS,321.0,2024-04-18,0.9573170731707317,192.5,28.547579298831383,7298100105,0.0,0007298100105,0.0
339723,4/25/2024 to 5/1/2024,ROVIRA EXPORT SODA CRACKERS 28 OZ,0007298100105,GALLETAS,274.0,2024-04-25,-0.14641744548286606,236.0,22.597402597402592,7298100105,0.0,0007298100105,0.0
339724,5/2/2024 to 5/8/2024,ROVIRA EXPORT SODA CRACKERS 28 OZ,0007298100105,GALLETAS,168.0,2024-05-02,-0.3868613138686131,231.75,-1.8008474576271194,7298100105,0.0,0007298100105,0.0
339725,5/9/2024 to 5/15/2024,ROVIRA EXPORT SODA CRACKERS 28 OZ,0007298100105,GALLETAS,178.0,2024-05-09,0.059523809523809534,235.25,1.5102481121898492,7298100105,0.0,0007298100105,0.0
339726,5/16/2024 to 5/22/2024,ROVIRA EXPORT SODA CRACKERS 28 OZ,0007298100105,GALLETAS,158.0,2024-05-16,-0.1123595505617978,194.5,-17.321997874601493,7298100105,2.0437956204379715,0007298100105,0.14000000000000057
339859,3/7/2024 to 3/13/2024,ROVIRA EXPORT SODAS BUTTER 30 OZ,0007298100157,GALLETAS,65.0,2024-03-07,,65.0,,7298100157,,0007298100157,
339860,3/14/2024 to 3/20/2024,ROVIRA EXPORT SODAS BUTTER 30 OZ,0007298100157,GALLETAS,97.0,2024-03-14,0.49230769230769234,81.0,24.615384615384617,7298100157,0.0,0007298100157,0.0
339861,3/21/2024 to 3/27/2024,ROVIRA EXPORT SODAS BUTTER 30 OZ,0007298100157,GALLETAS,78.0,2024-03-21,-0.19587628865979378,80.0,-1.2345679012345734,7298100157,0.0,0007298100157,0.0
339862,3/28/2024 to 4/3/2024,ROVIRA EXPORT SODAS BUTTER 30 OZ,0007298100157,GALLETAS,37.0,2024-03-28,-0.5256410256410257,69.25,-13.437500000000002,7298100157,0.0,0007298100157,0.0
339863,4/4/2024 to 4/10/2024,ROVIRA EXPORT SODAS BUTTER 30 OZ,0007298100157,GALLETAS,89.0,2024-04-04,1.4054054054054053,75.25,8.664259927797824,7298100157,0.0,0007298100157,0.0
339864,4/11/2024 to 4/17/2024,ROVIRA EXPORT SODAS BUTTER 30 OZ,0007298100157,GALLETAS,80.0,2024-04-11,-0.101123595505618,71.0,-5.6478405315614655,7298100157,0.0,0007298100157,0.0
339865,4/18/2024 to 4/24/2024,ROVIRA EXPORT SODAS BUTTER 30 OZ,0007298100157,GALLETAS,97.0,2024-04-18,0.2124999999999999,75.75,6.690140845070425,7298100157,0.0,0007298100157,0.0
339866,4/25/2024 to 5/1/2024,ROVIRA EXPORT SODAS BUTTER 30 OZ,0007298100157,GALLETAS,61.0,2024-04-25,-0.3711340206185567,81.75,7.920792079207928,7298100157,0.0,0007298100157,0.0
339867,5/2/2024 to 5/8/2024,ROVIRA EXPORT SODAS BUTTER 30 OZ,0007298100157,GALLETAS,65.0,2024-05-02,0.06557377049180335,75.75,-7.339449541284404,7298100157,0.0,0007298100157,0.0
339868,5/9/2024 to 5/15/2024,ROVIRA EXPORT SODAS BUTTER 30 OZ,0007298100157,GALLETAS,72.0,2024-05-09,0.10769230769230775,73.75,-2.640264026402639,7298100157,0.0,0007298100157,0.0
339869,5/16/2024 to 5/22/2024,ROVIRA EXPORT SODAS BUTTER 30 OZ,0007298100157,GALLETAS,101.0,2024-05-16,0.4027777777777777,74.75,1.3559322033898313,7298100157,0.0,0007298100157,0.0
401297,3/7/2024 to 3/13/2024,MISTIC TROPICAL CARROT 64 OZ,0008939664290,JUGOS PET,139.0,2024-03-07,,139.0,,8939664290,,0008939664290,
401298,3/14/2024 to 3/20/2024,MISTIC TROPICAL CARROT 64 OZ,0008939664290,JUGOS PET,130.0,2024-03-14,-0.06474820143884896,134.5,-3.237410071942448,8939664290,0.0,0008939664290,0.0
401299,3/21/2024 to 3/27/2024,MISTIC TROPICAL CARROT 64 OZ,0008939664290,JUGOS PET,111.0,2024-03-21,-0.1461538461538462,126.66666666666667,-5.824039653035928,8939664290,0.0,0008939664290,0.0
401300,3/28/2024 to 4/3/2024,MISTIC TROPICAL CARROT 64 OZ,0008939664290,JUGOS PET,129.0,2024-03-28,0.16216216216216206,127.25,0.4605263157894779,8939664290,0.0,0008939664290,0.0
401301,4/4/2024 to 4/10/2024,MISTIC TROPICAL CARROT 64 OZ,0008939664290,JUGOS PET,271.0,2024-04-04,1.1007751937984498,160.25,25.933202357563843,8939664290,0.0,0008939664290,0.0
401302,4/11/2024 to 4/17/2024,MISTIC TROPICAL CARROT 64 OZ,0008939664290,JUGOS PET,231.0,2024-04-11,-0.14760147601476015,185.5,15.756630265210614,8939664290,0.0,0008939664290,0.0
401303,4/18/2024 to 4/24/2024,MISTIC TROPICAL CARROT 64 OZ,0008939664290,JUGOS PET,148.0,2024-04-18,-0.35930735930735935,194.75,4.986522911051217,8939664290,0.0,0008939664290,0.0
401304,4/25/2024 to 5/1/2024,MISTIC TROPICAL CARROT 64 OZ,0008939664290,JUGOS PET,84.0,2024-04-25,-0.43243243243243246,183.5,-5.776636713735561,8939664290,0.0,0008939664290,0.0
401305,5/2/2024 to 5/8/2024,MISTIC TROPICAL CARROT 64 OZ,0008939664290,JUGOS PET,255.0,2024-05-02,2.0357142857142856,179.5,-2.1798365122615793,8939664290,0.0,0008939664290,0.0
401306,5/9/2024 to 5/15/2024,MISTIC TROPICAL CARROT 64 OZ,0008939664290,JUGOS PET,284.0,2024-05-09,0.11372549019607847,192.75,7.381615598885793,8939664290,0.0,0008939664290,0.0
401307,5/16/2024 to 5/22/2024,MISTIC TROPICAL CARROT 64 OZ,0008939664290,JUGOS PET,193.0,2024-05-16,-0.3204225352112676,204.0,5.836575875486383,8939664290,4.057971014492745,0008939664290,0.13999999999999968
401310,3/7/2024 to 3/13/2024,MISTIC ORANGE CARROT 64 OZ,0008939664296,JUGOS PET,761.0,2024-03-07,,761.0,,8939664296,,0008939664296,
401311,3/14/2024 to 3/20/2024,MISTIC ORANGE CARROT 64 OZ,0008939664296,JUGOS PET,828.0,2024-03-14,0.08804204993429687,794.5,4.402102496714844,8939664296,0.0,0008939664296,0.0
401312,3/21/2024 to 3/27/2024,MISTIC ORANGE CARROT 64 OZ,0008939664296,JUGOS PET,887.0,2024-03-21,0.07125603864734309,825.3333333333334,3.8808474931822934,8939664296,0.0,0008939664296,0.0
401313,3/28/2024 to 4/3/2024,MISTIC ORANGE CARROT 64 OZ,0008939664296,JUGOS PET,675.0,2024-03-28,-0.23900789177001125,787.75,-4.553715670436187,8939664296,0.0,0008939664296,0.0
401314,4/4/2024 to 4/10/2024,MISTIC ORANGE CARROT 64 OZ,0008939664296,JUGOS PET,1297.0,2024-04-04,0.9214814814814816,921.75,17.0104728657569,8939664296,0.0,0008939664296,0.0
401315,4/11/2024 to 4/17/2024,MISTIC ORANGE CARROT 64 OZ,0008939664296,JUGOS PET,749.0,2024-04-11,-0.42251349267540483,902.0,-2.142663411988066,8939664296,0.0,0008939664296,0.0
401316,4/18/2024 to 4/24/2024,MISTIC ORANGE CARROT 64 OZ,0008939664296,JUGOS PET,740.0,2024-04-18,-0.012016021361815787,865.25,-4.0742793791574305,8939664296,0.0,0008939664296,0.0
401317,4/25/2024 to 5/1/2024,MISTIC ORANGE CARROT 64 OZ,0008939664296,JUGOS PET,575.0,2024-04-25,-0.22297297297297303,840.25,-2.889338341519787,8939664296,0.0,0008939664296,0.0
401318,5/2/2024 to 5/8/2024,MISTIC ORANGE CARROT 64 OZ,0008939664296,JUGOS PET,1178.0,2024-05-02,1.048695652173913,810.5,-3.5406129128235597,8939664296,0.0,0008939664296,0.0
401319,5/9/2024 to 5/15/2024,MISTIC ORANGE CARROT 64 OZ,0008939664296,JUGOS PET,1316.0,2024-05-09,0.11714770797962659,952.25,17.4892041949414,8939664296,0.0,0008939664296,0.0
401320,5/16/2024 to 5/22/2024,MISTIC ORANGE CARROT 64 OZ,0008939664296,JUGOS PET,1003.0,2024-05-16,-0.2378419452887538,1018.0,6.90469939616698,8939664296,4.057971014492745,0008939664296,0.13999999999999968
401323,3/7/2024 to 3/13/2024,MISTIC MANGO CARROT 64 OZ,0008939664297,JUGOS PET,92.0,2024-03-07,,92.0,,8939664297,,0008939664297,
401324,3/14/2024 to 3/20/2024,MISTIC MANGO CARROT 64 OZ,0008939664297,JUGOS PET,62.0,2024-03-14,-0.32608695652173914,77.0,-16.30434782608695,8939664297,0.0,0008939664297,0.0
401325,3/21/2024 to 3/27/2024,MISTIC MANGO CARROT 64 OZ,0008939664297,JUGOS PET,81.0,2024-03-21,0.30645161290322576,78.33333333333333,1.7316017316017174,8939664297,0.0,0008939664297,0.0
401326,3/28/2024 to 4/3/2024,MISTIC MANGO CARROT 64 OZ,0008939664297,JUGOS PET,101.0,2024-03-28,0.24691358024691357,84.0,7.234042553191489,8939664297,0.0,0008939664297,0.0
401327,4/4/2024 to 4/10/2024,MISTIC MANGO CARROT 64 OZ,0008939664297,JUGOS PET,152.0,2024-04-04,0.504950495049505,99.0,17.85714285714286,8939664297,0.0,0008939664297,0.0
401328,4/11/2024 to 4/17/2024,MISTIC MANGO CARROT 64 OZ,0008939664297,JUGOS PET,157.0,2024-04-11,0.03289473684210531,122.75,23.989898989898983,8939664297,0.0,0008939664297,0.0
401329,4/18/2024 to 4/24/2024,MISTIC MANGO CARROT 64 OZ,0008939664297,JUGOS PET,123.0,2024-04-18,-0.21656050955414008,133.25,8.553971486761714,8939664297,0.0,0008939664297,0.0
401330,4/25/2024 to 5/1/2024,MISTIC MANGO CARROT 64 OZ,0008939664297,JUGOS PET,61.0,2024-04-25,-0.5040650406504066,123.25,-7.5046904315197,8939664297,0.0,0008939664297,0.0
401331,5/2/2024 to 5/8/2024,MISTIC MANGO CARROT 64 OZ,0008939664297,JUGOS PET,158.0,2024-05-02,1.5901639344262297,124.75,1.2170385395537497,8939664297,0.0,0008939664297,0.0
401332,5/9/2024 to 5/15/2024,MISTIC MANGO CARROT 64 OZ,0008939664297,JUGOS PET,125.0,2024-05-09,-0.2088607594936709,116.75,-6.412825651302601,8939664297,0.0,0008939664297,0.0
401333,5/16/2024 to 5/22/2024,MISTIC MANGO CARROT 64 OZ,0008939664297,JUGOS PET,88.0,2024-05-16,-0.29600000000000004,108.0,-7.494646680942186,8939664297,4.057971014492745,0008939664297,0.13999999999999968
