,Date Range,Product Name,SKU,Category,Quantity,Start Date,Quantity Change %,4 Week Average Quantity,4 Week Avg % Change,Previous Week Quantity,Total Quantity,Previous Week Total Quantity,UPC,Price Change %,modifiedUPC,Dollar Change
2942,3/7/2024 to 3/13/2024,POWERADE MOUNTAIN BLAST 2O OZ,0004900000790,BEBIDAS,1047.0,2024-03-07,,1047.0,,,774092.0,,4900000790,,0004900000790,
2973,3/7/2024 to 3/13/2024,POWERADE LIMON 20 OZ,0004900000369,BEBIDAS,363.0,2024-03-07,,363.0,,,774092.0,,4900000369,,0004900000369,
2981,3/7/2024 to 3/13/2024,POWERADE ORANGE 20 OZ,0004900003278,BEBIDAS,420.0,2024-03-07,,420.0,,,774092.0,,4900003278,,0004900003278,
3041,3/7/2024 to 3/13/2024,POWERADE FRUIT PUNCH 20 OZ,0004900000371,BEBIDAS,1310.0,2024-03-07,,1310.0,,,774092.0,,4900000371,,0004900000371,
3203,3/7/2024 to 3/13/2024,POWERADE GRAPE 20 OZ,0004900004526,BEBIDAS,821.0,2024-03-07,,821.0,,,774092.0,,4900004526,,0004900004526,
3226,3/7/2024 to 3/13/2024,POWERADE ZERO FRUIT PUNCH 20 OZ,0004900005642,BEBIDAS,203.0,2024-03-07,,203.0,,,774092.0,,4900005642,,0004900005642,
3237,3/7/2024 to 3/13/2024,POWERADE ZERO MIXED BERRY 20 OZ,0004900005069,BEBIDAS,175.0,2024-03-07,,175.0,,,774092.0,,4900005069,,0004900005069,
6877,3/7/2024 to 3/13/2024,OREO SANDWICH SINGLE SERVE 12 PK,0004400004698,GALLETAS,51.0,2024-03-07,,51.0,,,774092.0,,4400004698,,0004400004698,
7035,3/7/2024 to 3/13/2024,CHIPS AHOY! SINGLE SERVE 12 CT,0004400005222,GALLETAS,38.0,2024-03-07,,38.0,,,774092.0,,4400005222,,0004400005222,
7298,3/7/2024 to 3/13/2024,HOLSUM GALLETAS EMP FAMILIAR 10 OZ,0002296100104,GALLETAS,73.0,2024-03-07,,73.0,,,774092.0,,2296100104,,0002296100104,
12203,3/7/2024 to 3/13/2024,MISTIC MANGO CARROT 64 OZ,0008939664297,JUGOS PET,92.0,2024-03-07,,92.0,,,774092.0,,8939664297,,0008939664297,
12274,3/7/2024 to 3/13/2024,MISTIC TROPICAL CARROT 64 OZ,0008939664290,JUGOS PET,139.0,2024-03-07,,139.0,,,774092.0,,8939664290,,0008939664290,
12377,3/7/2024 to 3/13/2024,MISTIC ORANGE CARROT 64 OZ,0008939664296,JUGOS PET,761.0,2024-03-07,,761.0,,,774092.0,,8939664296,,0008939664296,
17704,3/7/2024 to 3/13/2024,MOTTS APPLE NATURAL STYLE JUICE 64OZ,0001480031656,JUGOS PET,31.0,2024-03-07,,31.0,,,774092.0,,1480031656,,0001480031656,
17723,3/7/2024 to 3/13/2024,MOTTS PLUS LIGHT APPLE 64 OZ,0001480032100,JUGOS PET,116.0,2024-03-07,,116.0,,,774092.0,,1480032100,,0001480032100,
17724,3/7/2024 to 3/13/2024,MOTTS APPLE JUICE 64 OZ,0001480000034,JUGOS PET,541.0,2024-03-07,,541.0,,,774092.0,,1480000034,,0001480000034,
23449,3/7/2024 to 3/13/2024,OCEAN SPRAY CRANGRAPE 64 OZ,0003120022007,JUGOS PET,98.0,2024-03-07,,98.0,,,774092.0,,3120022007,,0003120022007,
23460,3/7/2024 to 3/13/2024,OCEAN SPRAY CRAN/GRAPE DIET 64 OZ,0003120020157,JUGOS PET,55.0,2024-03-07,,55.0,,,774092.0,,3120020157,,0003120020157,
23492,3/7/2024 to 3/13/2024,OCEAN SPRAY CRANBERRY DIET 64 OZ,0003120020031,JUGOS PET,94.0,2024-03-07,,94.0,,,774092.0,,3120020031,,0003120020031,
23494,3/7/2024 to 3/13/2024,OCEAN SPRAY WHITE CRANBERRY 64 OZ,0003120028127,JUGOS PET,120.0,2024-03-07,,120.0,,,774092.0,,3120028127,,0003120028127,
23497,3/7/2024 to 3/13/2024,OCEAN SPRAY RUBY GRAPEFRUIT 64 OZ,0003120027627,JUGOS PET,92.0,2024-03-07,,92.0,,,774092.0,,3120027627,,0003120027627,
23507,3/7/2024 to 3/13/2024,OCEAN SPRAY CRANBERRY JUICE 64 OZ,0003120020007,JUGOS PET,372.0,2024-03-07,,372.0,,,774092.0,,3120020007,,0003120020007,
23514,3/7/2024 to 3/13/2024,OCEAN SPRAY CRANBERRY 100% 64 OZ,0003120003469,JUGOS PET,42.0,2024-03-07,,42.0,,,774092.0,,3120003469,,0003120003469,
23517,3/7/2024 to 3/13/2024,OCEAN SPARY CRAN/GRAPE 100% 64 OZ,0003120003466,JUGOS PET,29.0,2024-03-07,,29.0,,,774092.0,,3120003466,,0003120003466,
23526,3/7/2024 to 3/13/2024,OCEAN SPRAY LIGHT CRAN.GRAPE 64 OZ,0003120034327,JUGOS PET,27.0,2024-03-07,,27.0,,,774092.0,,3120034327,,0003120034327,
23554,3/7/2024 to 3/13/2024,OCEAN SPRAY LIGHT CRANBERRY 64 OZ,0003120034227,JUGOS PET,16.0,2024-03-07,,16.0,,,774092.0,,3120034227,,0003120034227,
31324,3/7/2024 to 3/13/2024,WELCH'S WHITE GRAPE 100% JUICE 64 OZ,0004180022700,JUGOS PET,93.0,2024-03-07,,93.0,,,774092.0,,4180022700,,0004180022700,
31354,3/7/2024 to 3/13/2024,WELCH GRAPE CONCORD JUICE COCKT 64OZ,0004180020199,JUGOS PET,141.0,2024-03-07,,141.0,,,774092.0,,4180020199,,0004180020199,
31368,3/7/2024 to 3/13/2024,WELCH'S GRAPE JUICE 100% 64 OZ,0004180020750,JUGOS PET,273.0,2024-03-07,,273.0,,,774092.0,,4180020750,,0004180020750,
31549,3/7/2024 to 3/13/2024,WELCHS GRAPE JUICE 100 % 10 OZ,0004180035400,JUGOS PET,741.0,2024-03-07,,741.0,,,774092.0,,4180035400,,0004180035400,
34579,3/7/2024 to 3/13/2024,RITZ CRACKERS 13.7 OZ,0004400003111,GALLETAS,818.0,2024-03-07,,818.0,,,774092.0,,4400003111,,0004400003111,
34675,3/7/2024 to 3/13/2024,NABISCO CHIP AHOY MINI S SERVE 12 PK,0004400002027,GALLETAS,106.0,2024-03-07,,106.0,,,774092.0,,4400002027,,0004400002027,
34678,3/7/2024 to 3/13/2024,OREO MINI SINGLE SERVE 12 PK,0004400002028,GALLETAS,257.0,2024-03-07,,257.0,,,774092.0,,4400002028,,0004400002028,
34794,3/7/2024 to 3/13/2024,NILLA MINI WAFERS SINGLE SERVE 12 CT,0004400003128,GALLETAS,20.0,2024-03-07,,20.0,,,774092.0,,4400003128,,0004400003128,
34856,3/7/2024 to 3/13/2024,CHIPS AHOY CHOCO CHIPS 13.0 OZ,0004400003219,GALLETAS,545.0,2024-03-07,,545.0,,,774092.0,,4400003219,,0004400003219,
41857,3/7/2024 to 3/13/2024,ROVIRA EXPORT SODAS BUTTER 30 OZ,0007298100157,GALLETAS,65.0,2024-03-07,,65.0,,,774092.0,,7298100157,,0007298100157,
43422,3/7/2024 to 3/13/2024,ROVIRA EXPORT SODA CRACKERS 28 OZ,0007298100105,GALLETAS,280.0,2024-03-07,,280.0,,,774092.0,,7298100105,,0007298100105,
55287,3/14/2024 to 3/20/2024,ROVIRA EXPORT SODAS BUTTER 30 OZ,0007298100157,GALLETAS,97.0,2024-03-14,49.23076923076923,81.0,24.615384615384617,65.0,860202.0,774092.0,7298100157,0.0,0007298100157,0.0
55701,3/14/2024 to 3/20/2024,ROVIRA EXPORT SODA CRACKERS 28 OZ,0007298100105,GALLETAS,193.0,2024-03-14,-31.071428571428573,236.5,-15.535714285714286,280.0,860202.0,774092.0,7298100105,0.0,0007298100105,0.0
62235,3/14/2024 to 3/20/2024,OCEAN SPARY CRAN/GRAPE 100% 64 OZ,0003120003466,JUGOS PET,38.0,2024-03-14,31.034482758620683,33.5,15.517241379310342,29.0,860202.0,774092.0,3120003466,0.0,0003120003466,0.0
62250,3/14/2024 to 3/20/2024,OCEAN SPRAY CRANBERRY 100% 64 OZ,0003120003469,JUGOS PET,64.0,2024-03-14,52.38095238095237,53.0,26.190476190476186,42.0,860202.0,774092.0,3120003469,0.0,0003120003469,0.0
62251,3/14/2024 to 3/20/2024,OCEAN SPRAY CRANBERRY JUICE 64 OZ,0003120020007,JUGOS PET,414.0,2024-03-14,11.290322580645151,393.0,5.645161290322576,372.0,860202.0,774092.0,3120020007,0.0,0003120020007,0.0
64786,3/14/2024 to 3/20/2024,OCEAN SPRAY CRANGRAPE 64 OZ,0003120022007,JUGOS PET,96.0,2024-03-14,-2.0408163265306145,97.0,-1.0204081632653073,98.0,860202.0,774092.0,3120022007,0.0,0003120022007,0.0
64853,3/14/2024 to 3/20/2024,OCEAN SPRAY WHITE CRANBERRY 64 OZ,0003120028127,JUGOS PET,123.0,2024-03-14,2.499999999999991,121.5,1.2499999999999956,120.0,860202.0,774092.0,3120028127,0.0,0003120028127,0.0
64895,3/14/2024 to 3/20/2024,OCEAN SPRAY CRANBERRY DIET 64 OZ,0003120020031,JUGOS PET,84.0,2024-03-14,-10.63829787234043,89.0,-5.319148936170215,94.0,860202.0,774092.0,3120020031,0.0,0003120020031,0.0
64920,3/14/2024 to 3/20/2024,OCEAN SPRAY CRAN/GRAPE DIET 64 OZ,0003120020157,JUGOS PET,83.0,2024-03-14,50.90909090909091,69.0,25.454545454545464,55.0,860202.0,774092.0,3120020157,0.0,0003120020157,0.0
64944,3/14/2024 to 3/20/2024,OCEAN SPRAY RUBY GRAPEFRUIT 64 OZ,0003120027627,JUGOS PET,85.0,2024-03-14,-7.608695652173914,88.5,-3.804347826086951,92.0,860202.0,774092.0,3120027627,0.0,0003120027627,0.0
64998,3/14/2024 to 3/20/2024,OCEAN SPRAY LIGHT CRAN.GRAPE 64 OZ,0003120034327,JUGOS PET,28.0,2024-03-14,3.703703703703698,27.5,1.85185185185186,27.0,860202.0,774092.0,3120034327,0.0,0003120034327,0.0
65010,3/14/2024 to 3/20/2024,OCEAN SPRAY LIGHT CRANBERRY 64 OZ,0003120034227,JUGOS PET,16.0,2024-03-14,0.0,16.0,0.0,16.0,860202.0,774092.0,3120034227,0.0,0003120034227,0.0
70471,3/14/2024 to 3/20/2024,WELCHS GRAPE JUICE 100 % 10 OZ,0004180035400,JUGOS PET,883.0,2024-03-14,19.163292847503378,812.0,9.581646423751678,741.0,860202.0,774092.0,4180035400,0.0,0004180035400,0.0
70549,3/14/2024 to 3/20/2024,WELCH GRAPE CONCORD JUICE COCKT 64OZ,0004180020199,JUGOS PET,246.0,2024-03-14,74.46808510638299,193.5,37.23404255319149,141.0,860202.0,774092.0,4180020199,0.0,0004180020199,0.0
70607,3/14/2024 to 3/20/2024,WELCH'S GRAPE JUICE 100% 64 OZ,0004180020750,JUGOS PET,364.0,2024-03-14,33.33333333333333,318.5,16.666666666666675,273.0,860202.0,774092.0,4180020750,0.0,0004180020750,0.0
70793,3/14/2024 to 3/20/2024,WELCH'S WHITE GRAPE 100% JUICE 64 OZ,0004180022700,JUGOS PET,107.0,2024-03-14,15.053763440860223,100.0,7.526881720430101,93.0,860202.0,774092.0,4180022700,0.0,0004180022700,0.0
78271,3/14/2024 to 3/20/2024,CHIPS AHOY! SINGLE SERVE 12 CT,0004400005222,GALLETAS,43.0,2024-03-14,13.157894736842103,40.5,6.578947368421062,38.0,860202.0,774092.0,4400005222,0.0,0004400005222,0.0
78487,3/14/2024 to 3/20/2024,OREO SANDWICH SINGLE SERVE 12 PK,0004400004698,GALLETAS,50.0,2024-03-14,-1.9607843137254943,50.5,-0.9803921568627416,51.0,860202.0,774092.0,4400004698,0.0,0004400004698,0.0
79202,3/14/2024 to 3/20/2024,RITZ CRACKERS 13.7 OZ,0004400003111,GALLETAS,1084.0,2024-03-14,32.51833740831296,951.0,16.25916870415649,818.0,860202.0,774092.0,4400003111,0.0,0004400003111,0.0
79335,3/14/2024 to 3/20/2024,CHIPS AHOY CHOCO CHIPS 13.0 OZ,0004400003219,GALLETAS,279.0,2024-03-14,-48.80733944954129,412.0,-24.403669724770637,545.0,860202.0,774092.0,4400003219,0.0,0004400003219,0.0
79371,3/14/2024 to 3/20/2024,NILLA MINI WAFERS SINGLE SERVE 12 CT,0004400003128,GALLETAS,33.0,2024-03-14,64.99999999999999,26.5,32.49999999999999,20.0,860202.0,774092.0,4400003128,0.0,0004400003128,0.0
79692,3/14/2024 to 3/20/2024,NABISCO CHIP AHOY MINI S SERVE 12 PK,0004400002027,GALLETAS,152.0,2024-03-14,43.39622641509433,129.0,21.698113207547177,106.0,860202.0,774092.0,4400002027,0.0,0004400002027,0.0
79721,3/14/2024 to 3/20/2024,OREO MINI SINGLE SERVE 12 PK,0004400002028,GALLETAS,503.0,2024-03-14,95.71984435797664,380.0,47.859922178988334,257.0,860202.0,774092.0,4400002028,0.0,0004400002028,0.0
81858,3/14/2024 to 3/20/2024,HOLSUM GALLETAS EMP FAMILIAR 10 OZ,0002296100104,GALLETAS,37.0,2024-03-14,-49.31506849315068,55.0,-24.65753424657534,73.0,860202.0,774092.0,2296100104,0.0,0002296100104,0.0
82791,3/14/2024 to 3/20/2024,MISTIC ORANGE CARROT 64 OZ,0008939664296,JUGOS PET,828.0,2024-03-14,8.804204993429687,794.5,4.402102496714844,761.0,860202.0,774092.0,8939664296,0.0,0008939664296,0.0
82814,3/14/2024 to 3/20/2024,MISTIC MANGO CARROT 64 OZ,0008939664297,JUGOS PET,62.0,2024-03-14,-32.608695652173914,77.0,-16.30434782608695,92.0,860202.0,774092.0,8939664297,0.0,0008939664297,0.0
82848,3/14/2024 to 3/20/2024,MISTIC TROPICAL CARROT 64 OZ,0008939664290,JUGOS PET,130.0,2024-03-14,-6.474820143884896,134.5,-3.237410071942448,139.0,860202.0,774092.0,8939664290,0.0,0008939664290,0.0
103231,3/14/2024 to 3/20/2024,MOTTS APPLE NATURAL STYLE JUICE 64OZ,0001480031656,JUGOS PET,42.0,2024-03-14,35.48387096774193,36.5,17.741935483870975,31.0,860202.0,774092.0,1480031656,0.0,0001480031656,0.0
103450,3/14/2024 to 3/20/2024,MOTTS APPLE JUICE 64 OZ,0001480000034,JUGOS PET,1076.0,2024-03-14,98.89094269870611,808.5,49.44547134935304,541.0,860202.0,774092.0,1480000034,0.0,0001480000034,0.0
104282,3/14/2024 to 3/20/2024,MOTTS PLUS LIGHT APPLE 64 OZ,0001480032100,JUGOS PET,142.0,2024-03-14,22.413793103448263,129.0,11.206896551724132,116.0,860202.0,774092.0,1480032100,0.0,0001480032100,0.0
104658,3/14/2024 to 3/20/2024,POWERADE MOUNTAIN BLAST 2O OZ,0004900000790,BEBIDAS,588.0,2024-03-14,-43.83954154727794,817.5,-21.91977077363897,1047.0,860202.0,774092.0,4900000790,0.0,0004900000790,0.0
105400,3/14/2024 to 3/20/2024,POWERADE FRUIT PUNCH 20 OZ,0004900000371,BEBIDAS,848.0,2024-03-14,-35.26717557251908,1079.0,-17.63358778625954,1310.0,860202.0,774092.0,4900000371,0.0,0004900000371,0.0
105519,3/14/2024 to 3/20/2024,POWERADE LIMON 20 OZ,0004900000369,BEBIDAS,236.0,2024-03-14,-34.9862258953168,299.5,-17.493112947658407,363.0,860202.0,774092.0,4900000369,0.0,0004900000369,0.0
105631,3/14/2024 to 3/20/2024,POWERADE ZERO MIXED BERRY 20 OZ,0004900005069,BEBIDAS,159.0,2024-03-14,-9.142857142857142,167.0,-4.571428571428571,175.0,860202.0,774092.0,4900005069,0.0,0004900005069,0.0
105828,3/14/2024 to 3/20/2024,POWERADE ZERO FRUIT PUNCH 20 OZ,0004900005642,BEBIDAS,162.0,2024-03-14,-20.197044334975367,182.5,-10.098522167487689,203.0,860202.0,774092.0,4900005642,0.0,0004900005642,0.0
106168,3/14/2024 to 3/20/2024,POWERADE ORANGE 20 OZ,0004900003278,BEBIDAS,312.0,2024-03-14,-25.71428571428571,366.0,-12.857142857142856,420.0,860202.0,774092.0,4900003278,0.0,0004900003278,0.0
106476,3/14/2024 to 3/20/2024,POWERADE GRAPE 20 OZ,0004900004526,BEBIDAS,466.0,2024-03-14,-43.23995127892813,643.5,-21.619975639464073,821.0,860202.0,774092.0,4900004526,0.0,0004900004526,0.0
120126,3/21/2024 to 3/27/2024,ROVIRA EXPORT SODAS BUTTER 30 OZ,0007298100157,GALLETAS,78.0,2024-03-21,-19.58762886597938,80.0,-1.2345679012345734,97.0,791141.0,860202.0,7298100157,0.0,0007298100157,0.0
120518,3/21/2024 to 3/27/2024,ROVIRA EXPORT SODA CRACKERS 28 OZ,0007298100105,GALLETAS,150.0,2024-03-21,-22.27979274611399,207.66666666666666,-12.191684284707549,193.0,791141.0,860202.0,7298100105,0.0,0007298100105,0.0
127316,3/21/2024 to 3/27/2024,OCEAN SPRAY CRAN/GRAPE DIET 64 OZ,0003120020157,JUGOS PET,64.0,2024-03-21,-22.891566265060238,67.33333333333333,-2.4154589371980784,83.0,791141.0,860202.0,3120020157,0.0,0003120020157,0.0
127324,3/21/2024 to 3/27/2024,OCEAN SPRAY RUBY GRAPEFRUIT 64 OZ,0003120027627,JUGOS PET,97.0,2024-03-21,14.117647058823524,91.33333333333333,3.201506591337089,85.0,791141.0,860202.0,3120027627,0.0,0003120027627,0.0
127349,3/21/2024 to 3/27/2024,OCEAN SPRAY WHITE CRANBERRY 64 OZ,0003120028127,JUGOS PET,115.0,2024-03-21,-6.504065040650408,119.33333333333333,-1.7832647462277085,123.0,791141.0,860202.0,3120028127,0.0,0003120028127,0.0
127406,3/21/2024 to 3/27/2024,OCEAN SPRAY CRANGRAPE 64 OZ,0003120022007,JUGOS PET,125.0,2024-03-21,30.208333333333325,106.33333333333333,9.621993127147753,96.0,791141.0,860202.0,3120022007,0.0,0003120022007,0.0
127455,3/21/2024 to 3/27/2024,OCEAN SPRAY CRANBERRY 100% 64 OZ,0003120003469,JUGOS PET,48.0,2024-03-21,-25.0,51.333333333333336,-3.1446540880503138,64.0,791141.0,860202.0,3120003469,0.0,0003120003469,0.0
127499,3/21/2024 to 3/27/2024,OCEAN SPARY CRAN/GRAPE 100% 64 OZ,0003120003466,JUGOS PET,36.0,2024-03-21,-5.263157894736848,34.333333333333336,2.487562189054726,38.0,791141.0,860202.0,3120003466,0.0,0003120003466,0.0
127550,3/21/2024 to 3/27/2024,OCEAN SPRAY CRANBERRY DIET 64 OZ,0003120020031,JUGOS PET,89.0,2024-03-21,5.952380952380953,89.0,0.0,84.0,791141.0,860202.0,3120020031,0.0,0003120020031,0.0
127606,3/21/2024 to 3/27/2024,OCEAN SPRAY CRANBERRY JUICE 64 OZ,0003120020007,JUGOS PET,401.0,2024-03-21,-3.1400966183574908,395.6666666666667,0.6785411365564098,414.0,791141.0,860202.0,3120020007,0.0,0003120020007,0.0
127808,3/21/2024 to 3/27/2024,OCEAN SPRAY LIGHT CRAN.GRAPE 64 OZ,0003120034327,JUGOS PET,24.0,2024-03-21,-14.28571428571429,26.333333333333332,-4.2424242424242475,28.0,791141.0,860202.0,3120034327,0.0,0003120034327,0.0
127902,3/21/2024 to 3/27/2024,OCEAN SPRAY LIGHT CRANBERRY 64 OZ,0003120034227,JUGOS PET,20.0,2024-03-21,25.0,17.333333333333332,8.333333333333325,16.0,791141.0,860202.0,3120034227,0.0,0003120034227,0.0
130264,3/21/2024 to 3/27/2024,POWERADE MOUNTAIN BLAST 2O OZ,0004900000790,BEBIDAS,461.0,2024-03-21,-21.59863945578231,698.6666666666666,-14.5361875637105,588.0,791141.0,860202.0,4900000790,-4.49438202247191,0004900000790,-0.040000000000000036
130315,3/21/2024 to 3/27/2024,POWERADE ORANGE 20 OZ,0004900003278,BEBIDAS,244.0,2024-03-21,-21.794871794871796,325.3333333333333,-11.111111111111116,312.0,791141.0,860202.0,4900003278,-4.49438202247191,0004900003278,-0.040000000000000036
130373,3/21/2024 to 3/27/2024,POWERADE FRUIT PUNCH 20 OZ,0004900000371,BEBIDAS,489.0,2024-03-21,-42.33490566037735,882.3333333333334,-18.2267531665122,848.0,791141.0,860202.0,4900000371,-4.49438202247191,0004900000371,-0.040000000000000036
130380,3/21/2024 to 3/27/2024,POWERADE LIMON 20 OZ,0004900000369,BEBIDAS,169.0,2024-03-21,-28.389830508474578,256.0,-14.52420701168614,236.0,791141.0,860202.0,4900000369,-4.49438202247191,0004900000369,-0.040000000000000036
131150,3/21/2024 to 3/27/2024,POWERADE GRAPE 20 OZ,0004900004526,BEBIDAS,395.0,2024-03-21,-15.23605150214592,560.6666666666666,-12.872312872312875,466.0,791141.0,860202.0,4900004526,-4.49438202247191,0004900004526,-0.040000000000000036
131179,3/21/2024 to 3/27/2024,POWERADE ZERO FRUIT PUNCH 20 OZ,0004900005642,BEBIDAS,183.0,2024-03-21,12.962962962962955,182.66666666666666,0.09132420091324533,162.0,791141.0,860202.0,4900005642,-4.49438202247191,0004900005642,-0.040000000000000036
131194,3/21/2024 to 3/27/2024,POWERADE ZERO MIXED BERRY 20 OZ,0004900005069,BEBIDAS,101.0,2024-03-21,-36.47798742138365,145.0,-13.173652694610782,159.0,791141.0,860202.0,4900005069,-4.49438202247191,0004900005069,-0.040000000000000036
133686,3/21/2024 to 3/27/2024,MOTTS PLUS LIGHT APPLE 64 OZ,0001480032100,JUGOS PET,104.0,2024-03-21,-26.76056338028169,120.66666666666667,-6.459948320413433,142.0,791141.0,860202.0,1480032100,0.0,0001480032100,0.0
133873,3/21/2024 to 3/27/2024,MOTTS APPLE JUICE 64 OZ,0001480000034,JUGOS PET,634.0,2024-03-21,-41.078066914498145,750.3333333333334,-7.194392908678616,1076.0,791141.0,860202.0,1480000034,0.0,0001480000034,0.0
133918,3/21/2024 to 3/27/2024,MOTTS APPLE NATURAL STYLE JUICE 64OZ,0001480031656,JUGOS PET,31.0,2024-03-21,-26.190476190476186,34.666666666666664,-5.022831050228316,42.0,791141.0,860202.0,1480031656,0.0,0001480031656,0.0
148885,3/21/2024 to 3/27/2024,MISTIC TROPICAL CARROT 64 OZ,0008939664290,JUGOS PET,111.0,2024-03-21,-14.615384615384619,126.66666666666667,-5.824039653035928,130.0,791141.0,860202.0,8939664290,0.0,0008939664290,0.0
148902,3/21/2024 to 3/27/2024,MISTIC ORANGE CARROT 64 OZ,0008939664296,JUGOS PET,887.0,2024-03-21,7.125603864734309,825.3333333333334,3.8808474931822934,828.0,791141.0,860202.0,8939664296,0.0,0008939664296,0.0
148914,3/21/2024 to 3/27/2024,MISTIC MANGO CARROT 64 OZ,0008939664297,JUGOS PET,81.0,2024-03-21,30.645161290322577,78.33333333333333,1.7316017316017174,62.0,791141.0,860202.0,8939664297,0.0,0008939664297,0.0
153569,3/21/2024 to 3/27/2024,CHIPS AHOY CHOCO CHIPS 13.0 OZ,0004400003219,GALLETAS,264.0,2024-03-21,-5.376344086021501,362.6666666666667,-11.97411003236245,279.0,791141.0,860202.0,4400003219,0.0,0004400003219,0.0
153640,3/21/2024 to 3/27/2024,NILLA MINI WAFERS SINGLE SERVE 12 CT,0004400003128,GALLETAS,45.0,2024-03-21,36.36363636363635,32.666666666666664,23.27044025157232,33.0,791141.0,860202.0,4400003128,0.0,0004400003128,0.0
154167,3/21/2024 to 3/27/2024,OREO SANDWICH SINGLE SERVE 12 PK,0004400004698,GALLETAS,41.0,2024-03-21,-18.000000000000004,47.333333333333336,-6.270627062706269,50.0,791141.0,860202.0,4400004698,0.0,0004400004698,0.0
154763,3/21/2024 to 3/27/2024,OREO MINI SINGLE SERVE 12 PK,0004400002028,GALLETAS,310.0,2024-03-21,-38.36978131212724,356.6666666666667,-6.140350877192979,503.0,791141.0,860202.0,4400002028,0.0,0004400002028,0.0
154805,3/21/2024 to 3/27/2024,NABISCO CHIP AHOY MINI S SERVE 12 PK,0004400002027,GALLETAS,61.0,2024-03-21,-59.86842105263157,106.33333333333333,-17.57105943152455,152.0,791141.0,860202.0,4400002027,0.0,0004400002027,0.0
155141,3/21/2024 to 3/27/2024,RITZ CRACKERS 13.7 OZ,0004400003111,GALLETAS,990.0,2024-03-21,-8.671586715867164,964.0,1.3669821240799074,1084.0,791141.0,860202.0,4400003111,0.0,0004400003111,0.0
156047,3/21/2024 to 3/27/2024,HOLSUM GALLETAS EMP FAMILIAR 10 OZ,0002296100104,GALLETAS,37.0,2024-03-21,0.0,49.0,-10.909090909090914,37.0,791141.0,860202.0,2296100104,0.0,0002296100104,0.0
156476,3/21/2024 to 3/27/2024,CHIPS AHOY! SINGLE SERVE 12 CT,0004400005222,GALLETAS,16.0,2024-03-21,-62.7906976744186,32.333333333333336,-20.16460905349794,43.0,791141.0,860202.0,4400005222,0.0,0004400005222,0.0
158164,3/21/2024 to 3/27/2024,WELCH'S GRAPE JUICE 100% 64 OZ,0004180020750,JUGOS PET,311.0,2024-03-21,-14.560439560439564,316.0,-0.7849293563579329,364.0,791141.0,860202.0,4180020750,0.0,0004180020750,0.0
158593,3/21/2024 to 3/27/2024,WELCH GRAPE CONCORD JUICE COCKT 64OZ,0004180020199,JUGOS PET,259.0,2024-03-21,5.284552845528445,215.33333333333334,11.283376399655465,246.0,791141.0,860202.0,4180020199,0.0,0004180020199,0.0
158735,3/21/2024 to 3/27/2024,WELCH'S WHITE GRAPE 100% JUICE 64 OZ,0004180022700,JUGOS PET,83.0,2024-03-21,-22.429906542056077,94.33333333333333,-5.666666666666675,107.0,791141.0,860202.0,4180022700,0.0,0004180022700,0.0
159360,3/21/2024 to 3/27/2024,WELCHS GRAPE JUICE 100 % 10 OZ,0004180035400,JUGOS PET,848.0,2024-03-21,-3.9637599093997777,824.0,1.4778325123152802,883.0,791141.0,860202.0,4180035400,0.0,0004180035400,0.0
162491,3/28/2024 to 4/3/2024,MISTIC MANGO CARROT 64 OZ,0008939664297,JUGOS PET,101.0,2024-03-28,24.691358024691358,84.0,7.234042553191489,81.0,534262.0,791141.0,8939664297,0.0,0008939664297,0.0
162550,3/28/2024 to 4/3/2024,MISTIC ORANGE CARROT 64 OZ,0008939664296,JUGOS PET,675.0,2024-03-28,-23.900789177001126,787.75,-4.553715670436187,887.0,534262.0,791141.0,8939664296,0.0,0008939664296,0.0
162582,3/28/2024 to 4/3/2024,MISTIC TROPICAL CARROT 64 OZ,0008939664290,JUGOS PET,129.0,2024-03-28,16.216216216216207,127.25,0.4605263157894779,111.0,534262.0,791141.0,8939664290,0.0,0008939664290,0.0
170028,3/28/2024 to 4/3/2024,WELCH'S WHITE GRAPE 100% JUICE 64 OZ,0004180022700,JUGOS PET,81.0,2024-03-28,-2.409638554216864,91.0,-3.5335689045936314,83.0,534262.0,791141.0,4180022700,0.0,0004180022700,0.0
170590,3/28/2024 to 4/3/2024,WELCHS GRAPE JUICE 100 % 10 OZ,0004180035400,JUGOS PET,497.0,2024-03-28,-41.391509433962256,742.25,-9.921116504854366,848.0,534262.0,791141.0,4180035400,0.0,0004180035400,0.0
171163,3/28/2024 to 4/3/2024,WELCH GRAPE CONCORD JUICE COCKT 64OZ,0004180020199,JUGOS PET,62.0,2024-03-28,-76.06177606177607,177.0,-17.801857585139324,259.0,534262.0,791141.0,4180020199,0.0,0004180020199,0.0
171253,3/28/2024 to 4/3/2024,WELCH'S GRAPE JUICE 100% 64 OZ,0004180020750,JUGOS PET,235.0,2024-03-28,-24.437299035369776,295.75,-6.408227848101267,311.0,534262.0,791141.0,4180020750,0.0,0004180020750,0.0
173313,3/28/2024 to 4/3/2024,POWERADE FRUIT PUNCH 20 OZ,0004900000371,BEBIDAS,474.0,2024-03-28,-3.0674846625766916,780.25,-11.569701548923316,489.0,534262.0,791141.0,4900000371,0.0,0004900000371,0.0
173334,3/28/2024 to 4/3/2024,POWERADE MOUNTAIN BLAST 2O OZ,0004900000790,BEBIDAS,315.0,2024-03-28,-31.670281995661608,602.75,-13.728530534351135,461.0,534262.0,791141.0,4900000790,0.0,0004900000790,0.0
173352,3/28/2024 to 4/3/2024,POWERADE LIMON 20 OZ,0004900000369,BEBIDAS,148.0,2024-03-28,-12.426035502958577,229.0,-10.546875,169.0,534262.0,791141.0,4900000369,0.0,0004900000369,0.0
173892,3/28/2024 to 4/3/2024,POWERADE GRAPE 20 OZ,0004900004526,BEBIDAS,295.0,2024-03-28,-25.31645569620253,494.25,-11.846016646848978,395.0,534262.0,791141.0,4900004526,0.0,0004900004526,0.0
173984,3/28/2024 to 4/3/2024,POWERADE ORANGE 20 OZ,0004900003278,BEBIDAS,194.0,2024-03-28,-20.491803278688526,292.5,-10.09221311475409,244.0,534262.0,791141.0,4900003278,0.0,0004900003278,0.0
174081,3/28/2024 to 4/3/2024,POWERADE ZERO MIXED BERRY 20 OZ,0004900005069,BEBIDAS,159.0,2024-03-28,57.425742574257434,148.5,2.4137931034482696,101.0,534262.0,791141.0,4900005069,0.0,0004900005069,0.0
174108,3/28/2024 to 4/3/2024,POWERADE ZERO FRUIT PUNCH 20 OZ,0004900005642,BEBIDAS,162.0,2024-03-28,-11.475409836065575,177.5,-2.828467153284664,183.0,534262.0,791141.0,4900005642,0.0,0004900005642,0.0
176344,3/28/2024 to 4/3/2024,ROVIRA EXPORT SODAS BUTTER 30 OZ,0007298100157,GALLETAS,37.0,2024-03-28,-52.56410256410257,69.25,-13.437500000000002,78.0,534262.0,791141.0,7298100157,0.0,0007298100157,0.0
176629,3/28/2024 to 4/3/2024,ROVIRA EXPORT SODA CRACKERS 28 OZ,0007298100105,GALLETAS,100.0,2024-03-28,-33.333333333333336,180.75,-12.96147672552167,150.0,534262.0,791141.0,7298100105,0.0,0007298100105,0.0
178823,3/28/2024 to 4/3/2024,CHIPS AHOY! SINGLE SERVE 12 CT,0004400005222,GALLETAS,18.0,2024-03-28,12.5,28.75,-11.082474226804129,16.0,534262.0,791141.0,4400005222,0.0,0004400005222,0.0
180564,3/28/2024 to 4/3/2024,OREO SANDWICH SINGLE SERVE 12 PK,0004400004698,GALLETAS,22.0,2024-03-28,-46.34146341463414,41.0,-13.38028169014085,41.0,534262.0,791141.0,4400004698,0.0,0004400004698,0.0
181580,3/28/2024 to 4/3/2024,NABISCO CHIP AHOY MINI S SERVE 12 PK,0004400002027,GALLETAS,57.0,2024-03-28,-6.5573770491803245,94.0,-11.598746081504697,61.0,534262.0,791141.0,4400002027,0.0,0004400002027,0.0
182174,3/28/2024 to 4/3/2024,OREO MINI SINGLE SERVE 12 PK,0004400002028,GALLETAS,129.0,2024-03-28,-58.387096774193544,299.75,-15.957943925233653,310.0,534262.0,791141.0,4400002028,0.0,0004400002028,0.0
182353,3/28/2024 to 4/3/2024,CHIPS AHOY CHOCO CHIPS 13.0 OZ,0004400003219,GALLETAS,379.0,2024-03-28,43.560606060606055,366.75,1.1259191176470562,264.0,534262.0,791141.0,4400003219,0.0,0004400003219,0.0
182417,3/28/2024 to 4/3/2024,RITZ CRACKERS 13.7 OZ,0004400003111,GALLETAS,525.0,2024-03-28,-46.96969696969697,854.25,-11.384854771784237,990.0,534262.0,791141.0,4400003111,0.0,0004400003111,0.0
182439,3/28/2024 to 4/3/2024,NILLA MINI WAFERS SINGLE SERVE 12 CT,0004400003128,GALLETAS,24.0,2024-03-28,-46.666666666666664,30.5,-6.632653061224481,45.0,534262.0,791141.0,4400003128,0.0,0004400003128,0.0
188312,3/28/2024 to 4/3/2024,OCEAN SPRAY WHITE CRANBERRY 64 OZ,0003120028127,JUGOS PET,76.0,2024-03-28,-33.913043478260875,108.5,-9.078212290502785,115.0,534262.0,791141.0,3120028127,0.0,0003120028127,0.0
188313,3/28/2024 to 4/3/2024,OCEAN SPRAY LIGHT CRANBERRY 64 OZ,0003120034227,JUGOS PET,22.0,2024-03-28,10.000000000000009,18.5,6.730769230769229,20.0,534262.0,791141.0,3120034227,0.0,0003120034227,0.0
188333,3/28/2024 to 4/3/2024,OCEAN SPRAY LIGHT CRAN.GRAPE 64 OZ,0003120034327,JUGOS PET,16.0,2024-03-28,-33.333333333333336,23.75,-9.810126582278478,24.0,534262.0,791141.0,3120034327,0.0,0003120034327,0.0
188410,3/28/2024 to 4/3/2024,OCEAN SPRAY RUBY GRAPEFRUIT 64 OZ,0003120027627,JUGOS PET,67.0,2024-03-28,-30.927835051546392,85.25,-6.660583941605836,97.0,534262.0,791141.0,3120027627,0.0,0003120027627,0.0
188455,3/28/2024 to 4/3/2024,OCEAN SPARY CRAN/GRAPE 100% 64 OZ,0003120003466,JUGOS PET,25.0,2024-03-28,-30.555555555555557,32.0,-6.796116504854377,36.0,534262.0,791141.0,3120003466,0.0,0003120003466,0.0
188494,3/28/2024 to 4/3/2024,OCEAN SPRAY CRAN/GRAPE DIET 64 OZ,0003120020157,JUGOS PET,55.0,2024-03-28,-14.0625,64.25,-4.579207920792072,64.0,534262.0,791141.0,3120020157,0.0,0003120020157,0.0
188516,3/28/2024 to 4/3/2024,OCEAN SPRAY CRANGRAPE 64 OZ,0003120022007,JUGOS PET,78.0,2024-03-28,-37.6,99.25,-6.661442006269591,125.0,534262.0,791141.0,3120022007,0.0,0003120022007,0.0
188562,3/28/2024 to 4/3/2024,OCEAN SPRAY CRANBERRY DIET 64 OZ,0003120020031,JUGOS PET,67.0,2024-03-28,-24.71910112359551,83.5,-6.17977528089888,89.0,534262.0,791141.0,3120020031,0.0,0003120020031,0.0
188614,3/28/2024 to 4/3/2024,OCEAN SPRAY CRANBERRY JUICE 64 OZ,0003120020007,JUGOS PET,294.0,2024-03-28,-26.683291770573568,370.25,-6.423757371524852,401.0,534262.0,791141.0,3120020007,0.0,0003120020007,0.0
188615,3/28/2024 to 4/3/2024,OCEAN SPRAY CRANBERRY 100% 64 OZ,0003120003469,JUGOS PET,35.0,2024-03-28,-27.083333333333336,47.25,-7.954545454545459,48.0,534262.0,791141.0,3120003469,0.0,0003120003469,0.0
201364,3/28/2024 to 4/3/2024,HOLSUM GALLETAS EMP FAMILIAR 10 OZ,0002296100104,GALLETAS,31.0,2024-03-28,-16.216216216216218,44.5,-9.183673469387754,37.0,534262.0,791141.0,2296100104,0.0,0002296100104,0.0
212560,3/28/2024 to 4/3/2024,MOTTS APPLE JUICE 64 OZ,0001480000034,JUGOS PET,405.0,2024-03-28,-36.1198738170347,664.0,-11.505997334517993,634.0,534262.0,791141.0,1480000034,0.0,0001480000034,0.0
212595,3/28/2024 to 4/3/2024,MOTTS APPLE NATURAL STYLE JUICE 64OZ,0001480031656,JUGOS PET,14.0,2024-03-28,-54.83870967741935,29.5,-14.903846153846146,31.0,534262.0,791141.0,1480031656,0.0,0001480031656,0.0
212608,3/28/2024 to 4/3/2024,MOTTS PLUS LIGHT APPLE 64 OZ,0001480032100,JUGOS PET,72.0,2024-03-28,-30.76923076923077,108.5,-10.082872928176801,104.0,534262.0,791141.0,1480032100,0.0,0001480032100,0.0
215195,4/4/2024 to 4/10/2024,MOTTS APPLE NATURAL STYLE JUICE 64OZ,0001480031656,JUGOS PET,30.0,2024-04-04,114.28571428571428,29.25,-0.8474576271186418,14.0,797791.0,534262.0,1480031656,0.0,0001480031656,0.0
215280,4/4/2024 to 4/10/2024,OREO MINI SINGLE SERVE 12 PK,0004400002028,GALLETAS,415.0,2024-04-04,221.70542635658913,339.25,13.177648040033363,129.0,797791.0,534262.0,4400002028,0.0,0004400002028,0.0
215370,4/4/2024 to 4/10/2024,MOTTS PLUS LIGHT APPLE 64 OZ,0001480032100,JUGOS PET,124.0,2024-04-04,72.22222222222223,110.5,1.8433179723502224,72.0,797791.0,534262.0,1480032100,0.0,0001480032100,0.0
215633,4/4/2024 to 4/10/2024,NABISCO CHIP AHOY MINI S SERVE 12 PK,0004400002027,GALLETAS,282.0,2024-04-04,394.7368421052632,138.0,46.808510638297875,57.0,797791.0,534262.0,4400002027,0.0,0004400002027,0.0
216791,4/4/2024 to 4/10/2024,MOTTS APPLE JUICE 64 OZ,0001480000034,JUGOS PET,585.0,2024-04-04,44.44444444444444,675.0,1.6566265060240948,405.0,797791.0,534262.0,1480000034,0.0,0001480000034,0.0
219272,4/4/2024 to 4/10/2024,NILLA MINI WAFERS SINGLE SERVE 12 CT,0004400003128,GALLETAS,31.0,2024-04-04,29.166666666666675,33.25,9.016393442622949,24.0,797791.0,534262.0,4400003128,0.0,0004400003128,0.0
219318,4/4/2024 to 4/10/2024,CHIPS AHOY CHOCO CHIPS 13.0 OZ,0004400003219,GALLETAS,477.0,2024-04-04,25.857519788918214,349.75,-4.6353101567825465,379.0,797791.0,534262.0,4400003219,0.0,0004400003219,0.0
219372,4/4/2024 to 4/10/2024,RITZ CRACKERS 13.7 OZ,0004400003111,GALLETAS,933.0,2024-04-04,77.71428571428571,883.0,3.365525314603457,525.0,797791.0,534262.0,4400003111,0.0,0004400003111,0.0
220028,4/4/2024 to 4/10/2024,CHIPS AHOY! SINGLE SERVE 12 CT,0004400005222,GALLETAS,31.0,2024-04-04,72.22222222222223,27.0,-6.086956521739129,18.0,797791.0,534262.0,4400005222,0.0,0004400005222,0.0
220375,4/4/2024 to 4/10/2024,OREO SANDWICH SINGLE SERVE 12 PK,0004400004698,GALLETAS,31.0,2024-04-04,40.90909090909092,36.0,-12.195121951219512,22.0,797791.0,534262.0,4400004698,0.0,0004400004698,0.0
227149,4/4/2024 to 4/10/2024,POWERADE ZERO MIXED BERRY 20 OZ,0004900005069,BEBIDAS,256.0,2024-04-04,61.00628930817611,168.75,13.636363636363647,159.0,797791.0,534262.0,4900005069,0.0,0004900005069,0.0
227272,4/4/2024 to 4/10/2024,POWERADE GRAPE 20 OZ,0004900004526,BEBIDAS,624.0,2024-04-04,111.52542372881355,445.0,-9.964592817400098,295.0,797791.0,534262.0,4900004526,0.0,0004900004526,0.0
227720,4/4/2024 to 4/10/2024,POWERADE ZERO FRUIT PUNCH 20 OZ,0004900005642,BEBIDAS,293.0,2024-04-04,80.8641975308642,200.0,12.676056338028175,162.0,797791.0,534262.0,4900005642,0.0,0004900005642,0.0
228400,4/4/2024 to 4/10/2024,POWERADE ORANGE 20 OZ,0004900003278,BEBIDAS,408.0,2024-04-04,110.30927835051547,289.5,-1.025641025641022,194.0,797791.0,534262.0,4900003278,0.0,0004900003278,0.0
228537,4/4/2024 to 4/10/2024,POWERADE LIMON 20 OZ,0004900000369,BEBIDAS,383.0,2024-04-04,158.78378378378378,234.0,2.183406113537112,148.0,797791.0,534262.0,4900000369,0.0,0004900000369,0.0
228554,4/4/2024 to 4/10/2024,POWERADE FRUIT PUNCH 20 OZ,0004900000371,BEBIDAS,1100.0,2024-04-04,132.06751054852322,727.75,-6.7286126241589255,474.0,797791.0,534262.0,4900000371,0.0,0004900000371,0.0
228657,4/4/2024 to 4/10/2024,POWERADE MOUNTAIN BLAST 2O OZ,0004900000790,BEBIDAS,790.0,2024-04-04,150.79365079365078,538.5,-10.659477395271677,315.0,797791.0,534262.0,4900000790,0.0,0004900000790,0.0
235329,4/4/2024 to 4/10/2024,HOLSUM GALLETAS EMP FAMILIAR 10 OZ,0002296100104,GALLETAS,94.0,2024-04-04,203.2258064516129,49.75,11.79775280898876,31.0,797791.0,534262.0,2296100104,0.0,0002296100104,0.0
237641,4/4/2024 to 4/10/2024,MISTIC MANGO CARROT 64 OZ,0008939664297,JUGOS PET,152.0,2024-04-04,50.495049504950494,99.0,17.85714285714286,101.0,797791.0,534262.0,8939664297,0.0,0008939664297,0.0
239433,4/4/2024 to 4/10/2024,MISTIC TROPICAL CARROT 64 OZ,0008939664290,JUGOS PET,271.0,2024-04-04,110.07751937984497,160.25,25.933202357563843,129.0,797791.0,534262.0,8939664290,0.0,0008939664290,0.0
239805,4/4/2024 to 4/10/2024,MISTIC ORANGE CARROT 64 OZ,0008939664296,JUGOS PET,1297.0,2024-04-04,92.14814814814815,921.75,17.0104728657569,675.0,797791.0,534262.0,8939664296,0.0,0008939664296,0.0
248061,4/4/2024 to 4/10/2024,OCEAN SPARY CRAN/GRAPE 100% 64 OZ,0003120003466,JUGOS PET,38.0,2024-04-04,52.0,34.25,7.03125,25.0,797791.0,534262.0,3120003466,0.0,0003120003466,0.0
248103,4/4/2024 to 4/10/2024,OCEAN SPRAY CRANBERRY DIET 64 OZ,0003120020031,JUGOS PET,131.0,2024-04-04,95.5223880597015,92.75,11.077844311377238,67.0,797791.0,534262.0,3120020031,0.0,0003120020031,0.0
248120,4/4/2024 to 4/10/2024,OCEAN SPRAY CRANBERRY 100% 64 OZ,0003120003469,JUGOS PET,71.0,2024-04-04,102.85714285714285,54.5,15.343915343915349,35.0,797791.0,534262.0,3120003469,0.0,0003120003469,0.0
248122,4/4/2024 to 4/10/2024,OCEAN SPRAY CRANBERRY JUICE 64 OZ,0003120020007,JUGOS PET,580.0,2024-04-04,97.27891156462584,422.25,14.044564483457123,294.0,797791.0,534262.0,3120020007,0.0,0003120020007,0.0
248274,4/4/2024 to 4/10/2024,OCEAN SPRAY CRANGRAPE 64 OZ,0003120022007,JUGOS PET,197.0,2024-04-04,152.56410256410254,124.0,24.937027707808568,78.0,797791.0,534262.0,3120022007,0.0,0003120022007,0.0
248277,4/4/2024 to 4/10/2024,OCEAN SPRAY CRAN/GRAPE DIET 64 OZ,0003120020157,JUGOS PET,102.0,2024-04-04,85.45454545454545,76.0,18.287937743190664,55.0,797791.0,534262.0,3120020157,0.0,0003120020157,0.0
248300,4/4/2024 to 4/10/2024,OCEAN SPRAY RUBY GRAPEFRUIT 64 OZ,0003120027627,JUGOS PET,99.0,2024-04-04,47.76119402985075,87.0,2.052785923753664,67.0,797791.0,534262.0,3120027627,0.0,0003120027627,0.0
248313,4/4/2024 to 4/10/2024,OCEAN SPRAY LIGHT CRAN.GRAPE 64 OZ,0003120034327,JUGOS PET,28.0,2024-04-04,75.0,24.0,1.0526315789473717,16.0,797791.0,534262.0,3120034327,0.0,0003120034327,0.0
248318,4/4/2024 to 4/10/2024,OCEAN SPRAY LIGHT CRANBERRY 64 OZ,0003120034227,JUGOS PET,20.0,2024-04-04,-9.090909090909093,19.5,5.405405405405395,22.0,797791.0,534262.0,3120034227,0.0,0003120034227,0.0
248323,4/4/2024 to 4/10/2024,OCEAN SPRAY WHITE CRANBERRY 64 OZ,0003120028127,JUGOS PET,150.0,2024-04-04,97.36842105263158,116.0,6.912442396313367,76.0,797791.0,534262.0,3120028127,0.0,0003120028127,0.0
255312,4/4/2024 to 4/10/2024,ROVIRA EXPORT SODA CRACKERS 28 OZ,0007298100105,GALLETAS,185.0,2024-04-04,85.00000000000001,157.0,-13.139695712309818,100.0,797791.0,534262.0,7298100105,0.0,0007298100105,0.0
255641,4/4/2024 to 4/10/2024,ROVIRA EXPORT SODAS BUTTER 30 OZ,0007298100157,GALLETAS,89.0,2024-04-04,140.54054054054052,75.25,8.664259927797824,37.0,797791.0,534262.0,7298100157,0.0,0007298100157,0.0
263550,4/4/2024 to 4/10/2024,WELCH GRAPE CONCORD JUICE COCKT 64OZ,0004180020199,JUGOS PET,111.0,2024-04-04,79.03225806451613,169.5,-4.23728813559322,62.0,797791.0,534262.0,4180020199,0.0,0004180020199,0.0
263688,4/4/2024 to 4/10/2024,WELCHS GRAPE JUICE 100 % 10 OZ,0004180035400,JUGOS PET,827.0,2024-04-04,66.39839034205231,763.75,2.8965981812058006,497.0,797791.0,534262.0,4180035400,0.0,0004180035400,0.0
263871,4/4/2024 to 4/10/2024,WELCH'S GRAPE JUICE 100% 64 OZ,0004180020750,JUGOS PET,323.0,2024-04-04,37.446808510638306,308.25,4.2265426880811585,235.0,797791.0,534262.0,4180020750,0.0,0004180020750,0.0
263883,4/4/2024 to 4/10/2024,WELCH'S WHITE GRAPE 100% JUICE 64 OZ,0004180022700,JUGOS PET,84.0,2024-04-04,3.703703703703698,88.75,-2.472527472527475,81.0,797791.0,534262.0,4180022700,0.0,0004180022700,0.0
287409,4/11/2024 to 4/17/2024,ROVIRA EXPORT SODAS BUTTER 30 OZ,0007298100157,GALLETAS,80.0,2024-04-11,-10.1123595505618,71.0,-5.6478405315614655,89.0,814823.0,797791.0,7298100157,0.0,0007298100157,0.0
287450,4/11/2024 to 4/17/2024,MISTIC TROPICAL CARROT 64 OZ,0008939664290,JUGOS PET,231.0,2024-04-11,-14.760147601476014,185.5,15.756630265210614,271.0,814823.0,797791.0,8939664290,0.0,0008939664290,0.0
287543,4/11/2024 to 4/17/2024,ROVIRA EXPORT SODA CRACKERS 28 OZ,0007298100105,GALLETAS,164.0,2024-04-11,-11.351351351351347,149.75,-4.617834394904463,185.0,814823.0,797791.0,7298100105,0.0,0007298100105,0.0
287545,4/11/2024 to 4/17/2024,MISTIC MANGO CARROT 64 OZ,0008939664297,JUGOS PET,157.0,2024-04-11,3.289473684210531,122.75,23.989898989898983,152.0,814823.0,797791.0,8939664297,0.0,0008939664297,0.0
287546,4/11/2024 to 4/17/2024,MISTIC ORANGE CARROT 64 OZ,0008939664296,JUGOS PET,749.0,2024-04-11,-42.25134926754048,902.0,-2.142663411988066,1297.0,814823.0,797791.0,8939664296,0.0,0008939664296,0.0
295563,4/11/2024 to 4/17/2024,OREO SANDWICH SINGLE SERVE 12 PK,0004400004698,GALLETAS,58.0,2024-04-11,87.09677419354837,38.0,5.555555555555558,31.0,814823.0,797791.0,4400004698,0.0,0004400004698,0.0
295599,4/11/2024 to 4/17/2024,CHIPS AHOY! SINGLE SERVE 12 CT,0004400005222,GALLETAS,44.0,2024-04-11,41.93548387096775,27.25,0.92592592592593,31.0,814823.0,797791.0,4400005222,0.0,0004400005222,0.0
296151,4/11/2024 to 4/17/2024,OREO MINI SINGLE SERVE 12 PK,0004400002028,GALLETAS,398.0,2024-04-11,-4.0963855421686795,313.0,-7.737656595431098,415.0,814823.0,797791.0,4400002028,0.0,0004400002028,0.0
296181,4/11/2024 to 4/17/2024,NABISCO CHIP AHOY MINI S SERVE 12 PK,0004400002027,GALLETAS,286.0,2024-04-11,1.4184397163120588,171.5,24.27536231884058,282.0,814823.0,797791.0,4400002027,0.0,0004400002027,0.0
296560,4/11/2024 to 4/17/2024,CHIPS AHOY CHOCO CHIPS 13.0 OZ,0004400003219,GALLETAS,472.0,2024-04-11,-1.0482180293501009,398.0,13.795568263045022,477.0,814823.0,797791.0,4400003219,0.0,0004400003219,0.0
296579,4/11/2024 to 4/17/2024,RITZ CRACKERS 13.7 OZ,0004400003111,GALLETAS,935.0,2024-04-11,0.2143622722400762,845.75,-4.218573046432617,933.0,814823.0,797791.0,4400003111,0.0,0004400003111,0.0
296591,4/11/2024 to 4/17/2024,NILLA MINI WAFERS SINGLE SERVE 12 CT,0004400003128,GALLETAS,54.0,2024-04-11,74.19354838709677,38.5,15.789473684210531,31.0,814823.0,797791.0,4400003128,0.0,0004400003128,0.0
297084,4/11/2024 to 4/17/2024,WELCHS GRAPE JUICE 100 % 10 OZ,0004180035400,JUGOS PET,807.0,2024-04-11,-2.4183796856106388,744.75,-2.487725040916533,827.0,814823.0,797791.0,4180035400,0.0,0004180035400,0.0
297227,4/11/2024 to 4/17/2024,WELCH GRAPE CONCORD JUICE COCKT 64OZ,0004180020199,JUGOS PET,137.0,2024-04-11,23.42342342342343,142.25,-16.07669616519174,111.0,814823.0,797791.0,4180020199,0.0,0004180020199,0.0
297356,4/11/2024 to 4/17/2024,WELCH'S WHITE GRAPE 100% JUICE 64 OZ,0004180022700,JUGOS PET,100.0,2024-04-11,19.047619047619047,87.0,-1.9718309859154903,84.0,814823.0,797791.0,4180022700,0.0,0004180022700,0.0
297358,4/11/2024 to 4/17/2024,WELCH'S GRAPE JUICE 100% 64 OZ,0004180020750,JUGOS PET,363.0,2024-04-11,12.38390092879258,308.0,-0.08110300081103361,323.0,814823.0,797791.0,4180020750,0.0,0004180020750,0.0
307031,4/11/2024 to 4/17/2024,OCEAN SPRAY CRANGRAPE 64 OZ,0003120022007,JUGOS PET,221.0,2024-04-11,12.182741116751261,155.25,25.2016129032258,197.0,814823.0,797791.0,3120022007,0.0,0003120022007,0.0
307035,4/11/2024 to 4/17/2024,OCEAN SPRAY RUBY GRAPEFRUIT 64 OZ,0003120027627,JUGOS PET,99.0,2024-04-11,0.0,90.5,4.022988505747116,99.0,814823.0,797791.0,3120027627,0.0,0003120027627,0.0
307039,4/11/2024 to 4/17/2024,OCEAN SPRAY WHITE CRANBERRY 64 OZ,0003120028127,JUGOS PET,148.0,2024-04-11,-1.3333333333333308,122.25,5.3879310344827624,150.0,814823.0,797791.0,3120028127,0.0,0003120028127,0.0
307057,4/11/2024 to 4/17/2024,OCEAN SPRAY CRAN/GRAPE DIET 64 OZ,0003120020157,JUGOS PET,78.0,2024-04-11,-23.529411764705888,74.75,-1.6447368421052655,102.0,814823.0,797791.0,3120020157,0.0,0003120020157,0.0
307066,4/11/2024 to 4/17/2024,OCEAN SPRAY LIGHT CRANBERRY 64 OZ,0003120034227,JUGOS PET,28.0,2024-04-11,39.99999999999999,22.5,15.384615384615374,20.0,814823.0,797791.0,3120034227,0.0,0003120034227,0.0
307091,4/11/2024 to 4/17/2024,OCEAN SPRAY LIGHT CRAN.GRAPE 64 OZ,0003120034327,JUGOS PET,40.0,2024-04-11,42.85714285714286,27.0,12.5,28.0,814823.0,797791.0,3120034327,0.0,0003120034327,0.0
307158,4/11/2024 to 4/17/2024,OCEAN SPARY CRAN/GRAPE 100% 64 OZ,0003120003466,JUGOS PET,49.0,2024-04-11,28.947368421052634,37.0,8.029197080291972,38.0,814823.0,797791.0,3120003466,0.0,0003120003466,0.0
307160,4/11/2024 to 4/17/2024,OCEAN SPRAY CRANBERRY 100% 64 OZ,0003120003469,JUGOS PET,41.0,2024-04-11,-42.25352112676056,48.75,-10.550458715596333,71.0,814823.0,797791.0,3120003469,0.0,0003120003469,0.0
307168,4/11/2024 to 4/17/2024,OCEAN SPRAY CRANBERRY JUICE 64 OZ,0003120020007,JUGOS PET,561.0,2024-04-11,-3.2758620689655182,459.0,8.703374777975137,580.0,814823.0,797791.0,3120020007,0.0,0003120020007,0.0
307183,4/11/2024 to 4/17/2024,OCEAN SPRAY CRANBERRY DIET 64 OZ,0003120020031,JUGOS PET,104.0,2024-04-11,-20.610687022900763,97.75,5.39083557951483,131.0,814823.0,797791.0,3120020031,0.0,0003120020031,0.0
316308,4/11/2024 to 4/17/2024,POWERADE GRAPE 20 OZ,0004900004526,BEBIDAS,578.0,2024-04-11,-7.371794871794868,473.0,6.292134831460672,624.0,814823.0,797791.0,4900004526,0.0,0004900004526,0.0
316343,4/11/2024 to 4/17/2024,POWERADE ZERO FRUIT PUNCH 20 OZ,0004900005642,BEBIDAS,191.0,2024-04-11,-34.81228668941979,207.25,3.6249999999999893,293.0,814823.0,797791.0,4900005642,0.0,0004900005642,0.0
316423,4/11/2024 to 4/17/2024,POWERADE ORANGE 20 OZ,0004900003278,BEBIDAS,396.0,2024-04-11,-2.941176470588236,310.5,7.253886010362698,408.0,814823.0,797791.0,4900003278,0.0,0004900003278,0.0
316435,4/11/2024 to 4/17/2024,POWERADE ZERO MIXED BERRY 20 OZ,0004900005069,BEBIDAS,213.0,2024-04-11,-16.796875,182.25,8.000000000000007,256.0,814823.0,797791.0,4900005069,0.0,0004900005069,0.0
316468,4/11/2024 to 4/17/2024,POWERADE FRUIT PUNCH 20 OZ,0004900000371,BEBIDAS,1082.0,2024-04-11,-1.6363636363636358,786.25,8.038474750944701,1100.0,814823.0,797791.0,4900000371,0.0,0004900000371,0.0
316481,4/11/2024 to 4/17/2024,POWERADE LIMON 20 OZ,0004900000369,BEBIDAS,364.0,2024-04-11,-4.960835509138384,266.0,13.675213675213671,383.0,814823.0,797791.0,4900000369,0.0,0004900000369,0.0
316640,4/11/2024 to 4/17/2024,POWERADE MOUNTAIN BLAST 2O OZ,0004900000790,BEBIDAS,869.0,2024-04-11,10.000000000000009,608.75,13.045496750232122,790.0,814823.0,797791.0,4900000790,0.0,0004900000790,0.0
319079,4/11/2024 to 4/17/2024,MOTTS APPLE JUICE 64 OZ,0001480000034,JUGOS PET,598.0,2024-04-11,2.2222222222222143,555.5,-17.7037037037037,585.0,814823.0,797791.0,1480000034,0.0,0001480000034,0.0
321092,4/11/2024 to 4/17/2024,MOTTS APPLE NATURAL STYLE JUICE 64OZ,0001480031656,JUGOS PET,26.0,2024-04-11,-13.33333333333333,25.25,-13.675213675213671,30.0,814823.0,797791.0,1480031656,0.0,0001480031656,0.0
321431,4/11/2024 to 4/17/2024,MOTTS PLUS LIGHT APPLE 64 OZ,0001480032100,JUGOS PET,108.0,2024-04-11,-12.903225806451612,102.0,-7.692307692307687,124.0,814823.0,797791.0,1480032100,0.0,0001480032100,0.0
321561,4/11/2024 to 4/17/2024,HOLSUM GALLETAS EMP FAMILIAR 10 OZ,0002296100104,GALLETAS,49.0,2024-04-11,-47.87234042553191,52.75,6.030150753768848,94.0,814823.0,797791.0,2296100104,0.0,0002296100104,0.0
325702,4/18/2024 to 4/24/2024,MISTIC MANGO CARROT 64 OZ,0008939664297,JUGOS PET,123.0,2024-04-18,-21.65605095541401,133.25,8.553971486761714,157.0,829618.0,814823.0,8939664297,0.0,0008939664297,0.0
326130,4/18/2024 to 4/24/2024,MISTIC ORANGE CARROT 64 OZ,0008939664296,JUGOS PET,740.0,2024-04-18,-1.2016021361815787,865.25,-4.0742793791574305,749.0,829618.0,814823.0,8939664296,0.0,0008939664296,0.0
326224,4/18/2024 to 4/24/2024,MISTIC TROPICAL CARROT 64 OZ,0008939664290,JUGOS PET,148.0,2024-04-18,-35.930735930735935,194.75,4.986522911051217,231.0,829618.0,814823.0,8939664290,0.0,0008939664290,0.0
353300,4/18/2024 to 4/24/2024,WELCH GRAPE CONCORD JUICE COCKT 64OZ,0004180020199,JUGOS PET,113.0,2024-04-18,-17.51824817518248,105.75,-25.65905096660809,137.0,829618.0,814823.0,4180020199,0.0,0004180020199,0.0
354426,4/18/2024 to 4/24/2024,WELCH'S WHITE GRAPE 100% JUICE 64 OZ,0004180022700,JUGOS PET,182.0,2024-04-18,82.0,111.75,28.44827586206897,100.0,829618.0,814823.0,4180022700,0.0,0004180022700,0.0
354582,4/18/2024 to 4/24/2024,WELCH'S GRAPE JUICE 100% 64 OZ,0004180020750,JUGOS PET,499.0,2024-04-18,37.46556473829201,355.0,15.259740259740262,363.0,829618.0,814823.0,4180020750,0.0,0004180020750,0.0
354656,4/18/2024 to 4/24/2024,WELCHS GRAPE JUICE 100 % 10 OZ,0004180035400,JUGOS PET,894.0,2024-04-18,10.780669144981413,756.25,1.5441423296408185,807.0,829618.0,814823.0,4180035400,0.0,0004180035400,0.0
356821,4/18/2024 to 4/24/2024,POWERADE ORANGE 20 OZ,0004900003278,BEBIDAS,277.0,2024-04-18,-30.05050505050505,318.75,2.657004830917864,396.0,829618.0,814823.0,4900003278,0.0,0004900003278,0.0
356949,4/18/2024 to 4/24/2024,POWERADE ZERO MIXED BERRY 20 OZ,0004900005069,BEBIDAS,126.0,2024-04-18,-40.845070422535215,188.5,3.429355281207136,213.0,829618.0,814823.0,4900005069,0.0,0004900005069,0.0
356975,4/18/2024 to 4/24/2024,POWERADE GRAPE 20 OZ,0004900004526,BEBIDAS,408.0,2024-04-18,-29.411764705882348,476.25,0.6871035940803294,578.0,829618.0,814823.0,4900004526,0.0,0004900004526,0.0
357177,4/18/2024 to 4/24/2024,POWERADE FRUIT PUNCH 20 OZ,0004900000371,BEBIDAS,725.0,2024-04-18,-32.994454713493525,845.25,7.503974562798099,1082.0,829618.0,814823.0,4900000371,0.0,0004900000371,0.0
357181,4/18/2024 to 4/24/2024,POWERADE MOUNTAIN BLAST 2O OZ,0004900000790,BEBIDAS,567.0,2024-04-18,-34.75258918296893,635.25,4.353182751540041,869.0,829618.0,814823.0,4900000790,0.0,0004900000790,0.0
357216,4/18/2024 to 4/24/2024,POWERADE LIMON 20 OZ,0004900000369,BEBIDAS,222.0,2024-04-18,-39.01098901098901,279.25,4.981203007518786,364.0,829618.0,814823.0,4900000369,0.0,0004900000369,0.0
357606,4/18/2024 to 4/24/2024,POWERADE ZERO FRUIT PUNCH 20 OZ,0004900005642,BEBIDAS,237.0,2024-04-18,24.083769633507845,220.75,6.5138721351025275,191.0,829618.0,814823.0,4900005642,0.0,0004900005642,0.0
360615,4/18/2024 to 4/24/2024,MOTTS APPLE JUICE 64 OZ,0001480000034,JUGOS PET,1005.0,2024-04-18,68.06020066889633,648.25,16.696669666966702,598.0,829618.0,814823.0,1480000034,0.0,0001480000034,0.0
361077,4/18/2024 to 4/24/2024,MOTTS APPLE NATURAL STYLE JUICE 64OZ,0001480031656,JUGOS PET,42.0,2024-04-18,61.53846153846154,28.0,10.8910891089109,26.0,829618.0,814823.0,1480031656,0.0,0001480031656,0.0
361103,4/18/2024 to 4/24/2024,MOTTS PLUS LIGHT APPLE 64 OZ,0001480032100,JUGOS PET,111.0,2024-04-18,2.777777777777768,103.75,1.7156862745097978,108.0,829618.0,814823.0,1480032100,0.0,0001480032100,0.0
366736,4/18/2024 to 4/24/2024,ROVIRA EXPORT SODA CRACKERS 28 OZ,0007298100105,GALLETAS,321.0,2024-04-18,95.73170731707317,192.5,28.547579298831383,164.0,829618.0,814823.0,7298100105,0.0,0007298100105,0.0
367075,4/18/2024 to 4/24/2024,ROVIRA EXPORT SODAS BUTTER 30 OZ,0007298100157,GALLETAS,97.0,2024-04-18,21.249999999999993,75.75,6.690140845070425,80.0,829618.0,814823.0,7298100157,0.0,0007298100157,0.0
368692,4/18/2024 to 4/24/2024,CHIPS AHOY! SINGLE SERVE 12 CT,0004400005222,GALLETAS,38.0,2024-04-18,-13.636363636363635,32.75,20.1834862385321,44.0,829618.0,814823.0,4400005222,0.0,0004400005222,0.0
368796,4/18/2024 to 4/24/2024,OREO SANDWICH SINGLE SERVE 12 PK,0004400004698,GALLETAS,69.0,2024-04-18,18.965517241379317,45.0,18.421052631578938,58.0,829618.0,814823.0,4400004698,0.0,0004400004698,0.0
369197,4/18/2024 to 4/24/2024,OREO MINI SINGLE SERVE 12 PK,0004400002028,GALLETAS,217.0,2024-04-18,-45.47738693467337,289.75,-7.428115015974446,398.0,829618.0,814823.0,4400002028,0.0,0004400002028,0.0
369228,4/18/2024 to 4/24/2024,NABISCO CHIP AHOY MINI S SERVE 12 PK,0004400002027,GALLETAS,196.0,2024-04-18,-31.46853146853147,205.25,19.67930029154519,286.0,829618.0,814823.0,4400002027,0.0,0004400002027,0.0
369477,4/18/2024 to 4/24/2024,CHIPS AHOY CHOCO CHIPS 13.0 OZ,0004400003219,GALLETAS,263.0,2024-04-18,-44.279661016949156,397.75,-0.06281407035175768,472.0,829618.0,814823.0,4400003219,0.0,0004400003219,0.0
369556,4/18/2024 to 4/24/2024,NILLA MINI WAFERS SINGLE SERVE 12 CT,0004400003128,GALLETAS,38.0,2024-04-18,-29.629629629629626,36.75,-4.545454545454541,54.0,829618.0,814823.0,4400003128,0.0,0004400003128,0.0
369930,4/18/2024 to 4/24/2024,RITZ CRACKERS 13.7 OZ,0004400003111,GALLETAS,911.0,2024-04-18,-2.566844919786093,826.0,-2.335205438959509,935.0,829618.0,814823.0,4400003111,0.0,0004400003111,0.0
370495,4/18/2024 to 4/24/2024,HOLSUM GALLETAS EMP FAMILIAR 10 OZ,0002296100104,GALLETAS,54.0,2024-04-18,10.20408163265305,57.0,8.056872037914697,49.0,829618.0,814823.0,2296100104,0.0,0002296100104,0.0
372580,4/18/2024 to 4/24/2024,OCEAN SPRAY RUBY GRAPEFRUIT 64 OZ,0003120027627,JUGOS PET,75.0,2024-04-18,-24.242424242424242,85.0,-6.077348066298338,99.0,829618.0,814823.0,3120027627,0.0,0003120027627,0.0
372609,4/18/2024 to 4/24/2024,OCEAN SPRAY CRANGRAPE 64 OZ,0003120022007,JUGOS PET,93.0,2024-04-18,-57.91855203619909,147.25,-5.152979066022545,221.0,829618.0,814823.0,3120022007,0.0,0003120022007,0.0
372757,4/18/2024 to 4/24/2024,OCEAN SPRAY CRAN/GRAPE DIET 64 OZ,0003120020157,JUGOS PET,56.0,2024-04-18,-28.205128205128204,72.75,-2.6755852842809347,78.0,829618.0,814823.0,3120020157,0.0,0003120020157,0.0
372871,4/18/2024 to 4/24/2024,OCEAN SPRAY LIGHT CRAN.GRAPE 64 OZ,0003120034327,JUGOS PET,32.0,2024-04-18,-19.999999999999996,29.0,7.407407407407418,40.0,829618.0,814823.0,3120034327,0.0,0003120034327,0.0
373024,4/18/2024 to 4/24/2024,OCEAN SPRAY WHITE CRANBERRY 64 OZ,0003120028127,JUGOS PET,115.0,2024-04-18,-22.297297297297302,122.25,0.0,148.0,829618.0,814823.0,3120028127,0.0,0003120028127,0.0
373043,4/18/2024 to 4/24/2024,OCEAN SPRAY LIGHT CRANBERRY 64 OZ,0003120034227,JUGOS PET,21.0,2024-04-18,-25.0,22.75,1.1111111111111072,28.0,829618.0,814823.0,3120034227,0.0,0003120034227,0.0
375621,4/18/2024 to 4/24/2024,OCEAN SPRAY CRANBERRY DIET 64 OZ,0003120020031,JUGOS PET,82.0,2024-04-18,-21.153846153846157,96.0,-1.7902813299232712,104.0,829618.0,814823.0,3120020031,0.0,0003120020031,0.0
375634,4/18/2024 to 4/24/2024,OCEAN SPARY CRAN/GRAPE 100% 64 OZ,0003120003466,JUGOS PET,34.0,2024-04-18,-30.612244897959183,36.5,-1.3513513513513487,49.0,829618.0,814823.0,3120003466,0.0,0003120003466,0.0
375797,4/18/2024 to 4/24/2024,OCEAN SPRAY CRANBERRY 100% 64 OZ,0003120003469,JUGOS PET,43.0,2024-04-18,4.878048780487809,47.5,-2.564102564102566,41.0,829618.0,814823.0,3120003469,0.0,0003120003469,0.0
375928,4/18/2024 to 4/24/2024,OCEAN SPRAY CRANBERRY JUICE 64 OZ,0003120020007,JUGOS PET,307.0,2024-04-18,-45.27629233511586,435.5,-5.119825708060999,561.0,829618.0,814823.0,3120020007,0.0,0003120020007,0.0
383359,4/25/2024 to 5/1/2024,MOTTS APPLE JUICE 64 OZ,0001480000034,JUGOS PET,664.0,2024-04-25,-33.930348258706466,713.0,9.988430389510228,1005.0,599157.0,829618.0,1480000034,0.0,0001480000034,0.0
384250,4/25/2024 to 5/1/2024,MOTTS APPLE NATURAL STYLE JUICE 64OZ,0001480031656,JUGOS PET,29.0,2024-04-25,-30.952380952380953,31.75,13.392857142857139,42.0,599157.0,829618.0,1480031656,0.0,0001480031656,0.0
384456,4/25/2024 to 5/1/2024,MOTTS PLUS LIGHT APPLE 64 OZ,0001480032100,JUGOS PET,85.0,2024-04-25,-23.42342342342343,107.0,3.1325301204819356,111.0,599157.0,829618.0,1480032100,0.0,0001480032100,0.0
386785,4/25/2024 to 5/1/2024,WELCH'S GRAPE JUICE 100% 64 OZ,0004180020750,JUGOS PET,370.0,2024-04-25,-25.85170340681363,388.75,9.507042253521124,499.0,599157.0,829618.0,4180020750,0.0,0004180020750,0.0
386823,4/25/2024 to 5/1/2024,WELCH GRAPE CONCORD JUICE COCKT 64OZ,0004180020199,JUGOS PET,73.0,2024-04-25,-35.39823008849557,108.5,2.6004728132387633,113.0,599157.0,829618.0,4180020199,0.0,0004180020199,0.0
386869,4/25/2024 to 5/1/2024,WELCH'S WHITE GRAPE 100% JUICE 64 OZ,0004180022700,JUGOS PET,145.0,2024-04-25,-20.329670329670336,127.75,14.317673378076057,182.0,599157.0,829618.0,4180022700,0.0,0004180022700,0.0
387058,4/25/2024 to 5/1/2024,WELCHS GRAPE JUICE 100 % 10 OZ,0004180035400,JUGOS PET,625.0,2024-04-25,-30.089485458612973,788.25,4.231404958677687,894.0,599157.0,829618.0,4180035400,0.0,0004180035400,0.0
389117,4/25/2024 to 5/1/2024,CHIPS AHOY! SINGLE SERVE 12 CT,0004400005222,GALLETAS,26.0,2024-04-25,-31.57894736842105,34.75,6.106870229007644,38.0,599157.0,829618.0,4400005222,6.163328197226492,0004400005222,0.39999999999999947
389898,4/25/2024 to 5/1/2024,RITZ CRACKERS 13.7 OZ,0004400003111,GALLETAS,622.0,2024-04-25,-31.723380900109767,850.25,2.9358353510895885,911.0,599157.0,829618.0,4400003111,0.0,0004400003111,0.0
390083,4/25/2024 to 5/1/2024,CHIPS AHOY CHOCO CHIPS 13.0 OZ,0004400003219,GALLETAS,179.0,2024-04-25,-31.939163498098853,347.75,-12.570710245128847,263.0,599157.0,829618.0,4400003219,0.0,0004400003219,0.0
390146,4/25/2024 to 5/1/2024,NILLA MINI WAFERS SINGLE SERVE 12 CT,0004400003128,GALLETAS,22.0,2024-04-25,-42.10526315789473,36.25,-1.3605442176870763,38.0,599157.0,829618.0,4400003128,0.0,0004400003128,0.0
390343,4/25/2024 to 5/1/2024,NABISCO CHIP AHOY MINI S SERVE 12 PK,0004400002027,GALLETAS,162.0,2024-04-25,-17.3469387755102,231.5,12.78928136419002,196.0,599157.0,829618.0,4400002027,0.0,0004400002027,0.0
390346,4/25/2024 to 5/1/2024,OREO MINI SINGLE SERVE 12 PK,0004400002028,GALLETAS,146.0,2024-04-25,-32.71889400921659,294.0,1.4667817083692913,217.0,599157.0,829618.0,4400002028,0.0,0004400002028,0.0
390463,4/25/2024 to 5/1/2024,OREO SANDWICH SINGLE SERVE 12 PK,0004400004698,GALLETAS,32.0,2024-04-25,-53.623188405797094,47.5,5.555555555555558,69.0,599157.0,829618.0,4400004698,6.163328197226492,0004400004698,0.39999999999999947
392581,4/25/2024 to 5/1/2024,HOLSUM GALLETAS EMP FAMILIAR 10 OZ,0002296100104,GALLETAS,31.0,2024-04-25,-42.592592592592595,57.0,0.0,54.0,599157.0,829618.0,2296100104,0.0,0002296100104,0.0
396563,4/25/2024 to 5/1/2024,POWERADE ORANGE 20 OZ,0004900003278,BEBIDAS,235.0,2024-04-25,-15.162454873646213,329.0,3.2156862745098103,277.0,599157.0,829618.0,4900003278,0.0,0004900003278,0.0
396579,4/25/2024 to 5/1/2024,POWERADE LIMON 20 OZ,0004900000369,BEBIDAS,181.0,2024-04-25,-18.46846846846847,287.5,2.9543419874664245,222.0,599157.0,829618.0,4900000369,0.0,0004900000369,0.0
396592,4/25/2024 to 5/1/2024,POWERADE MOUNTAIN BLAST 2O OZ,0004900000790,BEBIDAS,513.0,2024-04-25,-9.523809523809524,684.75,7.792207792207795,567.0,599157.0,829618.0,4900000790,0.0,0004900000790,0.0
396639,4/25/2024 to 5/1/2024,POWERADE FRUIT PUNCH 20 OZ,0004900000371,BEBIDAS,564.0,2024-04-25,-22.206896551724142,867.75,2.661934338952965,725.0,599157.0,829618.0,4900000371,0.0,0004900000371,0.0
397198,4/25/2024 to 5/1/2024,POWERADE ZERO MIXED BERRY 20 OZ,0004900005069,BEBIDAS,135.0,2024-04-25,7.14285714285714,182.5,-3.183023872679047,126.0,599157.0,829618.0,4900005069,0.0,0004900005069,0.0
397228,4/25/2024 to 5/1/2024,POWERADE ZERO FRUIT PUNCH 20 OZ,0004900005642,BEBIDAS,176.0,2024-04-25,-25.73839662447257,224.25,1.5855039637599155,237.0,599157.0,829618.0,4900005642,0.0,0004900005642,0.0
397325,4/25/2024 to 5/1/2024,POWERADE GRAPE 20 OZ,0004900004526,BEBIDAS,308.0,2024-04-25,-24.50980392156863,479.5,0.6824146981627255,408.0,599157.0,829618.0,4900004526,0.0,0004900004526,0.0
402883,4/25/2024 to 5/1/2024,ROVIRA EXPORT SODA CRACKERS 28 OZ,0007298100105,GALLETAS,274.0,2024-04-25,-14.641744548286606,236.0,22.597402597402592,321.0,599157.0,829618.0,7298100105,0.0,0007298100105,0.0
403148,4/25/2024 to 5/1/2024,ROVIRA EXPORT SODAS BUTTER 30 OZ,0007298100157,GALLETAS,61.0,2024-04-25,-37.11340206185567,81.75,7.920792079207928,97.0,599157.0,829618.0,7298100157,0.0,0007298100157,0.0
418116,4/25/2024 to 5/1/2024,OCEAN SPRAY CRANGRAPE 64 OZ,0003120022007,JUGOS PET,97.0,2024-04-25,4.3010752688172005,152.0,3.2258064516129004,93.0,599157.0,829618.0,3120022007,0.0,0003120022007,0.0
418141,4/25/2024 to 5/1/2024,OCEAN SPRAY CRANBERRY DIET 64 OZ,0003120020031,JUGOS PET,78.0,2024-04-25,-4.878048780487809,98.75,2.864583333333326,82.0,599157.0,829618.0,3120020031,0.0,0003120020031,0.0
418155,4/25/2024 to 5/1/2024,OCEAN SPRAY CRAN/GRAPE DIET 64 OZ,0003120020157,JUGOS PET,74.0,2024-04-25,32.14285714285714,77.5,6.529209621993126,56.0,599157.0,829618.0,3120020157,0.0,0003120020157,0.0
418179,4/25/2024 to 5/1/2024,OCEAN SPRAY LIGHT CRAN.GRAPE 64 OZ,0003120034327,JUGOS PET,25.0,2024-04-25,-21.875,31.25,7.758620689655182,32.0,599157.0,829618.0,3120034327,0.0,0003120034327,0.0
418206,4/25/2024 to 5/1/2024,OCEAN SPRAY RUBY GRAPEFRUIT 64 OZ,0003120027627,JUGOS PET,67.0,2024-04-25,-10.666666666666668,85.0,0.0,75.0,599157.0,829618.0,3120027627,0.0,0003120027627,0.0
418254,4/25/2024 to 5/1/2024,OCEAN SPRAY WHITE CRANBERRY 64 OZ,0003120028127,JUGOS PET,86.0,2024-04-25,-25.217391304347824,124.75,2.0449897750511203,115.0,599157.0,829618.0,3120028127,0.0,0003120028127,0.0
418283,4/25/2024 to 5/1/2024,OCEAN SPRAY LIGHT CRANBERRY 64 OZ,0003120034227,JUGOS PET,18.0,2024-04-25,-14.28571428571429,21.75,-4.395604395604391,21.0,599157.0,829618.0,3120034227,0.0,0003120034227,0.0
418432,4/25/2024 to 5/1/2024,OCEAN SPARY CRAN/GRAPE 100% 64 OZ,0003120003466,JUGOS PET,36.0,2024-04-25,5.882352941176472,39.25,7.534246575342474,34.0,599157.0,829618.0,3120003466,0.0,0003120003466,0.0
418446,4/25/2024 to 5/1/2024,OCEAN SPRAY CRANBERRY 100% 64 OZ,0003120003469,JUGOS PET,29.0,2024-04-25,-32.55813953488372,46.0,-3.157894736842104,43.0,599157.0,829618.0,3120003469,0.0,0003120003469,0.0
418465,4/25/2024 to 5/1/2024,OCEAN SPRAY CRANBERRY JUICE 64 OZ,0003120020007,JUGOS PET,261.0,2024-04-25,-14.983713355048856,427.25,-1.894374282433986,307.0,599157.0,829618.0,3120020007,0.0,0003120020007,0.0
421874,4/25/2024 to 5/1/2024,MISTIC ORANGE CARROT 64 OZ,0008939664296,JUGOS PET,575.0,2024-04-25,-22.297297297297302,840.25,-2.889338341519787,740.0,599157.0,829618.0,8939664296,0.0,0008939664296,0.0
421882,4/25/2024 to 5/1/2024,MISTIC MANGO CARROT 64 OZ,0008939664297,JUGOS PET,61.0,2024-04-25,-50.40650406504066,123.25,-7.5046904315197,123.0,599157.0,829618.0,8939664297,0.0,0008939664297,0.0
422032,4/25/2024 to 5/1/2024,MISTIC TROPICAL CARROT 64 OZ,0008939664290,JUGOS PET,84.0,2024-04-25,-43.24324324324324,183.5,-5.776636713735561,148.0,599157.0,829618.0,8939664290,0.0,0008939664290,0.0
442110,5/2/2024 to 5/8/2024,OCEAN SPRAY CRAN/GRAPE DIET 64 OZ,0003120020157,JUGOS PET,101.0,2024-05-02,36.48648648648649,77.25,-0.3225806451612856,74.0,740536.0,599157.0,3120020157,0.0,0003120020157,0.0
442128,5/2/2024 to 5/8/2024,OCEAN SPRAY WHITE CRANBERRY 64 OZ,0003120028127,JUGOS PET,110.0,2024-05-02,27.906976744186053,114.75,-8.016032064128254,86.0,740536.0,599157.0,3120028127,0.0,0003120028127,0.0
442133,5/2/2024 to 5/8/2024,OCEAN SPRAY RUBY GRAPEFRUIT 64 OZ,0003120027627,JUGOS PET,104.0,2024-05-02,55.223880597014926,86.25,1.4705882352941124,67.0,740536.0,599157.0,3120027627,0.0,0003120027627,0.0
442136,5/2/2024 to 5/8/2024,OCEAN SPRAY CRANGRAPE 64 OZ,0003120022007,JUGOS PET,114.0,2024-05-02,17.525773195876294,131.25,-13.651315789473683,97.0,740536.0,599157.0,3120022007,0.0,0003120022007,0.0
442162,5/2/2024 to 5/8/2024,OCEAN SPARY CRAN/GRAPE 100% 64 OZ,0003120003466,JUGOS PET,24.0,2024-05-02,-33.333333333333336,35.75,-8.917197452229297,36.0,740536.0,599157.0,3120003466,0.0,0003120003466,0.0
442188,5/2/2024 to 5/8/2024,OCEAN SPRAY CRANBERRY DIET 64 OZ,0003120020031,JUGOS PET,138.0,2024-05-02,76.92307692307692,100.5,1.7721518987341867,78.0,740536.0,599157.0,3120020031,0.0,0003120020031,0.0
442193,5/2/2024 to 5/8/2024,OCEAN SPRAY CRANBERRY JUICE 64 OZ,0003120020007,JUGOS PET,466.0,2024-05-02,78.544061302682,398.75,-6.670567583382092,261.0,740536.0,599157.0,3120020007,0.0,0003120020007,0.0
442236,5/2/2024 to 5/8/2024,OCEAN SPRAY CRANBERRY 100% 64 OZ,0003120003469,JUGOS PET,37.0,2024-05-02,27.586206896551737,37.5,-18.478260869565222,29.0,740536.0,599157.0,3120003469,0.0,0003120003469,0.0
442278,5/2/2024 to 5/8/2024,OCEAN SPRAY LIGHT CRANBERRY 64 OZ,0003120034227,JUGOS PET,31.0,2024-05-02,72.22222222222223,24.5,12.643678160919535,18.0,740536.0,599157.0,3120034227,0.0,0003120034227,0.0
442283,5/2/2024 to 5/8/2024,OCEAN SPRAY LIGHT CRAN.GRAPE 64 OZ,0003120034327,JUGOS PET,27.0,2024-05-02,8.000000000000007,31.0,-0.8000000000000007,25.0,740536.0,599157.0,3120034327,0.0,0003120034327,0.0
445228,5/2/2024 to 5/8/2024,WELCHS GRAPE JUICE 100 % 10 OZ,0004180035400,JUGOS PET,797.0,2024-05-02,27.51999999999999,780.75,-0.9514747859181716,625.0,740536.0,599157.0,4180035400,0.0,0004180035400,0.0
445375,5/2/2024 to 5/8/2024,WELCH'S GRAPE JUICE 100% 64 OZ,0004180020750,JUGOS PET,295.0,2024-05-02,-20.270270270270274,381.75,-1.8006430868167222,370.0,740536.0,599157.0,4180020750,0.0,0004180020750,0.0
445511,5/2/2024 to 5/8/2024,WELCH GRAPE CONCORD JUICE COCKT 64OZ,0004180020199,JUGOS PET,187.0,2024-05-02,156.16438356164383,127.5,17.51152073732718,73.0,740536.0,599157.0,4180020199,0.0,0004180020199,0.0
445577,5/2/2024 to 5/8/2024,WELCH'S WHITE GRAPE 100% JUICE 64 OZ,0004180022700,JUGOS PET,65.0,2024-05-02,-55.172413793103445,123.0,-3.718199608610573,145.0,740536.0,599157.0,4180022700,0.0,0004180022700,0.0
453598,5/2/2024 to 5/8/2024,MISTIC TROPICAL CARROT 64 OZ,0008939664290,JUGOS PET,255.0,2024-05-02,203.57142857142856,179.5,-2.1798365122615793,84.0,740536.0,599157.0,8939664290,0.0,0008939664290,0.0
453612,5/2/2024 to 5/8/2024,MISTIC ORANGE CARROT 64 OZ,0008939664296,JUGOS PET,1178.0,2024-05-02,104.8695652173913,810.5,-3.5406129128235597,575.0,740536.0,599157.0,8939664296,0.0,0008939664296,0.0
453620,5/2/2024 to 5/8/2024,MISTIC MANGO CARROT 64 OZ,0008939664297,JUGOS PET,158.0,2024-05-02,159.01639344262298,124.75,1.2170385395537497,61.0,740536.0,599157.0,8939664297,0.0,0008939664297,0.0
458447,5/2/2024 to 5/8/2024,MOTTS PLUS LIGHT APPLE 64 OZ,0001480032100,JUGOS PET,83.0,2024-05-02,-2.352941176470591,96.75,-9.579439252336453,85.0,740536.0,599157.0,1480032100,0.0,0001480032100,0.0
458467,5/2/2024 to 5/8/2024,MOTTS APPLE NATURAL STYLE JUICE 64OZ,0001480031656,JUGOS PET,24.0,2024-05-02,-17.24137931034483,30.25,-4.7244094488189,29.0,740536.0,599157.0,1480031656,0.0,0001480031656,0.0
458551,5/2/2024 to 5/8/2024,MOTTS APPLE JUICE 64 OZ,0001480000034,JUGOS PET,529.0,2024-05-02,-20.331325301204817,699.0,-1.963534361851338,664.0,740536.0,599157.0,1480000034,0.0,0001480000034,0.0
471111,5/2/2024 to 5/8/2024,HOLSUM GALLETAS EMP FAMILIAR 10 OZ,0002296100104,GALLETAS,65.0,2024-05-02,109.6774193548387,49.75,-12.71929824561403,31.0,740536.0,599157.0,2296100104,0.0,0002296100104,0.0
471525,5/2/2024 to 5/8/2024,ROVIRA EXPORT SODAS BUTTER 30 OZ,0007298100157,GALLETAS,65.0,2024-05-02,6.557377049180335,75.75,-7.339449541284404,61.0,740536.0,599157.0,7298100157,0.0,0007298100157,0.0
478114,5/2/2024 to 5/8/2024,OREO SANDWICH SINGLE SERVE 12 PK,0004400004698,GALLETAS,37.0,2024-05-02,15.625,49.0,3.157894736842115,32.0,740536.0,599157.0,4400004698,0.0,0004400004698,0.0
478138,5/2/2024 to 5/8/2024,CHIPS AHOY! SINGLE SERVE 12 CT,0004400005222,GALLETAS,33.0,2024-05-02,26.923076923076916,35.25,1.4388489208633004,26.0,740536.0,599157.0,4400005222,0.0,0004400005222,0.0
478704,5/2/2024 to 5/8/2024,POWERADE ORANGE 20 OZ,0004900003278,BEBIDAS,320.0,2024-05-02,36.170212765957444,307.0,-6.686930091185406,235.0,740536.0,599157.0,4900003278,0.0,0004900003278,0.0
478754,5/2/2024 to 5/8/2024,POWERADE MOUNTAIN BLAST 2O OZ,0004900000790,BEBIDAS,681.0,2024-05-02,32.748538011695906,657.5,-3.9795545819642175,513.0,740536.0,599157.0,4900000790,0.0,0004900000790,0.0
478795,5/2/2024 to 5/8/2024,POWERADE ZERO MIXED BERRY 20 OZ,0004900005069,BEBIDAS,175.0,2024-05-02,29.629629629629626,162.25,-11.095890410958908,135.0,740536.0,599157.0,4900005069,0.0,0004900005069,0.0
478874,5/2/2024 to 5/8/2024,POWERADE GRAPE 20 OZ,0004900004526,BEBIDAS,469.0,2024-05-02,52.27272727272727,440.75,-8.081334723670485,308.0,740536.0,599157.0,4900004526,0.0,0004900004526,0.0
479045,5/2/2024 to 5/8/2024,POWERADE LIMON 20 OZ,0004900000369,BEBIDAS,289.0,2024-05-02,59.66850828729282,264.0,-8.173913043478265,181.0,740536.0,599157.0,4900000369,0.0,0004900000369,0.0
479081,5/2/2024 to 5/8/2024,POWERADE FRUIT PUNCH 20 OZ,0004900000371,BEBIDAS,828.0,2024-05-02,46.808510638297875,799.75,-7.836358398156151,564.0,740536.0,599157.0,4900000371,0.0,0004900000371,0.0
479095,5/2/2024 to 5/8/2024,NABISCO CHIP AHOY MINI S SERVE 12 PK,0004400002027,GALLETAS,239.0,2024-05-02,47.53086419753085,220.75,-4.643628509719222,162.0,740536.0,599157.0,4400002027,0.0,0004400002027,0.0
479124,5/2/2024 to 5/8/2024,OREO MINI SINGLE SERVE 12 PK,0004400002028,GALLETAS,238.0,2024-05-02,63.01369863013699,249.75,-15.051020408163263,146.0,740536.0,599157.0,4400002028,0.0,0004400002028,0.0
479590,5/2/2024 to 5/8/2024,POWERADE ZERO FRUIT PUNCH 20 OZ,0004900005642,BEBIDAS,224.0,2024-05-02,27.27272727272727,207.0,-7.692307692307687,176.0,740536.0,599157.0,4900005642,0.0,0004900005642,0.0
479666,5/2/2024 to 5/8/2024,CHIPS AHOY CHOCO CHIPS 13.0 OZ,0004400003219,GALLETAS,476.0,2024-05-02,165.9217877094972,347.5,-0.07189072609633529,179.0,740536.0,599157.0,4400003219,0.0,0004400003219,0.0
480462,5/2/2024 to 5/8/2024,NILLA MINI WAFERS SINGLE SERVE 12 CT,0004400003128,GALLETAS,32.0,2024-05-02,45.45454545454546,36.5,0.6896551724137945,22.0,740536.0,599157.0,4400003128,0.0,0004400003128,0.0
480602,5/2/2024 to 5/8/2024,RITZ CRACKERS 13.7 OZ,0004400003111,GALLETAS,1002.0,2024-05-02,61.093247588424425,867.5,2.0288150543957606,622.0,740536.0,599157.0,4400003111,0.0,0004400003111,0.0
481968,5/2/2024 to 5/8/2024,ROVIRA EXPORT SODA CRACKERS 28 OZ,0007298100105,GALLETAS,168.0,2024-05-02,-38.68613138686131,231.75,-1.8008474576271194,274.0,740536.0,599157.0,7298100105,0.0,0007298100105,0.0
497790,5/9/2024 to 5/15/2024,HOLSUM GALLETAS EMP FAMILIAR 10 OZ,0002296100104,GALLETAS,66.0,2024-05-09,1.538461538461533,54.0,8.5427135678392,65.0,794174.0,740536.0,2296100104,0.0,0002296100104,0.0
503684,5/9/2024 to 5/15/2024,OCEAN SPRAY CRAN/GRAPE DIET 64 OZ,0003120020157,JUGOS PET,115.0,2024-05-09,13.861386138613852,86.5,11.97411003236246,101.0,794174.0,740536.0,3120020157,0.0,0003120020157,0.0
503729,5/9/2024 to 5/15/2024,OCEAN SPRAY CRANBERRY JUICE 64 OZ,0003120020007,JUGOS PET,483.0,2024-05-09,3.648068669527893,379.25,-4.890282131661438,466.0,794174.0,740536.0,3120020007,0.0,0003120020007,0.0
503736,5/9/2024 to 5/15/2024,OCEAN SPRAY WHITE CRANBERRY 64 OZ,0003120028127,JUGOS PET,132.0,2024-05-09,19.999999999999996,110.75,-3.4858387799564294,110.0,794174.0,740536.0,3120028127,0.0,0003120028127,0.0
503754,5/9/2024 to 5/15/2024,OCEAN SPRAY CRANGRAPE 64 OZ,0003120022007,JUGOS PET,171.0,2024-05-09,50.0,118.75,-9.523809523809524,114.0,794174.0,740536.0,3120022007,0.0,0003120022007,0.0
503759,5/9/2024 to 5/15/2024,OCEAN SPRAY RUBY GRAPEFRUIT 64 OZ,0003120027627,JUGOS PET,84.0,2024-05-09,-19.23076923076923,82.5,-4.347826086956519,104.0,794174.0,740536.0,3120027627,0.0,0003120027627,0.0
503762,5/9/2024 to 5/15/2024,OCEAN SPRAY LIGHT CRANBERRY 64 OZ,0003120034227,JUGOS PET,27.0,2024-05-09,-12.903225806451612,24.25,-1.0204081632653073,31.0,794174.0,740536.0,3120034227,0.0,0003120034227,0.0
503791,5/9/2024 to 5/15/2024,OCEAN SPRAY CRANBERRY DIET 64 OZ,0003120020031,JUGOS PET,133.0,2024-05-09,-3.6231884057971064,107.75,7.213930348258701,138.0,794174.0,740536.0,3120020031,0.0,0003120020031,0.0
503815,5/9/2024 to 5/15/2024,OCEAN SPRAY CRANBERRY 100% 64 OZ,0003120003469,JUGOS PET,49.0,2024-05-09,32.432432432432435,39.5,5.333333333333323,37.0,794174.0,740536.0,3120003469,0.0,0003120003469,0.0
503817,5/9/2024 to 5/15/2024,OCEAN SPARY CRAN/GRAPE 100% 64 OZ,0003120003466,JUGOS PET,37.0,2024-05-09,54.16666666666667,32.75,-8.391608391608397,24.0,794174.0,740536.0,3120003466,0.0,0003120003466,0.0
503922,5/9/2024 to 5/15/2024,OCEAN SPRAY LIGHT CRAN.GRAPE 64 OZ,0003120034327,JUGOS PET,18.0,2024-05-09,-33.333333333333336,25.5,-17.741935483870964,27.0,794174.0,740536.0,3120034327,0.0,0003120034327,0.0
508470,5/9/2024 to 5/15/2024,MOTTS PLUS LIGHT APPLE 64 OZ,0001480032100,JUGOS PET,101.0,2024-05-09,21.68674698795181,95.0,-1.8087855297157618,83.0,794174.0,740536.0,1480032100,0.0,0001480032100,0.0
508479,5/9/2024 to 5/15/2024,MOTTS APPLE NATURAL STYLE JUICE 64OZ,0001480031656,JUGOS PET,19.0,2024-05-09,-20.833333333333336,28.5,-5.785123966942152,24.0,794174.0,740536.0,1480031656,0.0,0001480031656,0.0
508681,5/9/2024 to 5/15/2024,MOTTS APPLE JUICE 64 OZ,0001480000034,JUGOS PET,561.0,2024-05-09,6.049149338374282,689.75,-1.3233190271816908,529.0,794174.0,740536.0,1480000034,0.0,0001480000034,0.0
512375,5/9/2024 to 5/15/2024,POWERADE ORANGE 20 OZ,0004900003278,BEBIDAS,369.0,2024-05-09,15.312499999999996,300.25,-2.1986970684039098,320.0,794174.0,740536.0,4900003278,0.0,0004900003278,0.0
512422,5/9/2024 to 5/15/2024,POWERADE GRAPE 20 OZ,0004900004526,BEBIDAS,506.0,2024-05-09,7.889125799573571,422.75,-4.083947816222344,469.0,794174.0,740536.0,4900004526,0.0,0004900004526,0.0
512535,5/9/2024 to 5/15/2024,POWERADE ZERO FRUIT PUNCH 20 OZ,0004900005642,BEBIDAS,244.0,2024-05-09,8.92857142857142,220.25,6.4009661835748854,224.0,794174.0,740536.0,4900005642,0.0,0004900005642,0.0
512805,5/9/2024 to 5/15/2024,POWERADE ZERO MIXED BERRY 20 OZ,0004900005069,BEBIDAS,278.0,2024-05-09,58.857142857142854,178.5,10.015408320493059,175.0,794174.0,740536.0,4900005069,0.0,0004900005069,0.0
513450,5/9/2024 to 5/15/2024,POWERADE MOUNTAIN BLAST 2O OZ,0004900000790,BEBIDAS,697.0,2024-05-09,2.3494860499265746,614.5,-6.539923954372629,681.0,794174.0,740536.0,4900000790,0.0,0004900000790,0.0
513540,5/9/2024 to 5/15/2024,POWERADE LIMON 20 OZ,0004900000369,BEBIDAS,328.0,2024-05-09,13.494809688581322,255.0,-3.409090909090906,289.0,794174.0,740536.0,4900000369,0.0,0004900000369,0.0
513643,5/9/2024 to 5/15/2024,POWERADE FRUIT PUNCH 20 OZ,0004900000371,BEBIDAS,896.0,2024-05-09,8.212560386473422,753.25,-5.81431697405439,828.0,794174.0,740536.0,4900000371,0.0,0004900000371,0.0
513964,5/9/2024 to 5/15/2024,MISTIC MANGO CARROT 64 OZ,0008939664297,JUGOS PET,125.0,2024-05-09,-20.88607594936709,116.75,-6.412825651302601,158.0,794174.0,740536.0,8939664297,0.0,0008939664297,0.0
515020,5/9/2024 to 5/15/2024,MISTIC ORANGE CARROT 64 OZ,0008939664296,JUGOS PET,1316.0,2024-05-09,11.71477079796266,952.25,17.4892041949414,1178.0,794174.0,740536.0,8939664296,0.0,0008939664296,0.0
515257,5/9/2024 to 5/15/2024,MISTIC TROPICAL CARROT 64 OZ,0008939664290,JUGOS PET,284.0,2024-05-09,11.372549019607847,192.75,7.381615598885793,255.0,794174.0,740536.0,8939664290,0.0,0008939664290,0.0
518732,5/9/2024 to 5/15/2024,NILLA MINI WAFERS SINGLE SERVE 12 CT,0004400003128,GALLETAS,33.0,2024-05-09,3.125,31.25,-14.383561643835618,32.0,794174.0,740536.0,4400003128,0.0,0004400003128,0.0
519130,5/9/2024 to 5/15/2024,CHIPS AHOY CHOCO CHIPS 13.0 OZ,0004400003219,GALLETAS,565.0,2024-05-09,18.69747899159664,370.75,6.690647482014378,476.0,794174.0,740536.0,4400003219,0.0,0004400003219,0.0
519918,5/9/2024 to 5/15/2024,RITZ CRACKERS 13.7 OZ,0004400003111,GALLETAS,1058.0,2024-05-09,5.588822355289413,898.25,3.5446685878962603,1002.0,794174.0,740536.0,4400003111,0.0,0004400003111,0.0
520285,5/9/2024 to 5/15/2024,OREO SANDWICH SINGLE SERVE 12 PK,0004400004698,GALLETAS,34.0,2024-05-09,-8.108108108108103,43.0,-12.244897959183676,37.0,794174.0,740536.0,4400004698,0.0,0004400004698,0.0
520546,5/9/2024 to 5/15/2024,ROVIRA EXPORT SODA CRACKERS 28 OZ,0007298100105,GALLETAS,178.0,2024-05-09,5.952380952380953,235.25,1.5102481121898492,168.0,794174.0,740536.0,7298100105,0.0,0007298100105,0.0
521286,5/9/2024 to 5/15/2024,ROVIRA EXPORT SODAS BUTTER 30 OZ,0007298100157,GALLETAS,72.0,2024-05-09,10.769230769230775,73.75,-2.640264026402639,65.0,794174.0,740536.0,7298100157,0.0,0007298100157,0.0
521754,5/9/2024 to 5/15/2024,CHIPS AHOY! SINGLE SERVE 12 CT,0004400005222,GALLETAS,33.0,2024-05-09,0.0,32.5,-7.801418439716312,33.0,794174.0,740536.0,4400005222,0.0,0004400005222,0.0
521874,5/9/2024 to 5/15/2024,WELCH'S WHITE GRAPE 100% JUICE 64 OZ,0004180022700,JUGOS PET,94.0,2024-05-09,44.61538461538461,121.5,-1.2195121951219523,65.0,794174.0,740536.0,4180022700,0.0,0004180022700,0.0
522121,5/9/2024 to 5/15/2024,WELCH'S GRAPE JUICE 100% 64 OZ,0004180020750,JUGOS PET,294.0,2024-05-09,-0.3389830508474523,364.5,-4.518664047151278,295.0,794174.0,740536.0,4180020750,0.0,0004180020750,0.0
522408,5/9/2024 to 5/15/2024,WELCHS GRAPE JUICE 100 % 10 OZ,0004180035400,JUGOS PET,721.0,2024-05-09,-9.535759096612296,759.25,-2.753762407941085,797.0,794174.0,740536.0,4180035400,0.0,0004180035400,0.0
523182,5/9/2024 to 5/15/2024,WELCH GRAPE CONCORD JUICE COCKT 64OZ,0004180020199,JUGOS PET,180.0,2024-05-09,-3.7433155080213942,138.25,8.4313725490196,187.0,794174.0,740536.0,4180020199,0.0,0004180020199,0.0
523556,5/9/2024 to 5/15/2024,OREO MINI SINGLE SERVE 12 PK,0004400002028,GALLETAS,321.0,2024-05-09,34.873949579831944,230.5,-7.707707707707712,238.0,794174.0,740536.0,4400002028,0.0,0004400002028,0.0
523610,5/9/2024 to 5/15/2024,NABISCO CHIP AHOY MINI S SERVE 12 PK,0004400002027,GALLETAS,273.0,2024-05-09,14.225941422594147,217.5,-1.4722536806342057,239.0,794174.0,740536.0,4400002027,0.0,0004400002027,0.0
537223,5/16/2024 to 5/22/2024,MOTTS PLUS LIGHT APPLE 64 OZ,0001480032100,JUGOS PET,92.0,2024-05-16,-8.910891089108908,90.25,-5.000000000000004,101.0,837064.0,794174.0,1480032100,0.0,0001480032100,0.0
537753,5/16/2024 to 5/22/2024,MOTTS APPLE JUICE 64 OZ,0001480000034,JUGOS PET,650.0,2024-05-16,15.864527629233516,601.0,-12.866980790141358,561.0,837064.0,794174.0,1480000034,0.0,0001480000034,0.0
538479,5/16/2024 to 5/22/2024,MOTTS APPLE NATURAL STYLE JUICE 64OZ,0001480031656,JUGOS PET,20.0,2024-05-16,5.263157894736836,23.0,-19.298245614035093,19.0,837064.0,794174.0,1480031656,0.0,0001480031656,0.0
542790,5/16/2024 to 5/22/2024,WELCH GRAPE CONCORD JUICE COCKT 64OZ,0004180020199,JUGOS PET,126.0,2024-05-16,-30.000000000000004,141.5,2.350813743218816,180.0,837064.0,794174.0,4180020199,21.449275362318843,0004180020199,0.7400000000000002
542872,5/16/2024 to 5/22/2024,WELCH'S GRAPE JUICE 100% 64 OZ,0004180020750,JUGOS PET,347.0,2024-05-16,18.02721088435375,326.5,-10.42524005486969,294.0,837064.0,794174.0,4180020750,0.0,0004180020750,0.0
543001,5/16/2024 to 5/22/2024,WELCHS GRAPE JUICE 100 % 10 OZ,0004180035400,JUGOS PET,1061.0,2024-05-16,47.156726768377254,801.0,5.498847546921315,721.0,837064.0,794174.0,4180035400,0.0,0004180035400,0.0
543112,5/16/2024 to 5/22/2024,WELCH'S WHITE GRAPE 100% JUICE 64 OZ,0004180022700,JUGOS PET,88.0,2024-05-16,-6.382978723404253,98.0,-19.34156378600823,94.0,837064.0,794174.0,4180022700,0.0,0004180022700,0.0
554462,5/16/2024 to 5/22/2024,NILLA MINI WAFERS SINGLE SERVE 12 CT,0004400003128,GALLETAS,22.0,2024-05-16,-33.333333333333336,27.25,-12.8,33.0,837064.0,794174.0,4400003128,5.825242718446599,0004400003128,0.2999999999999998
554549,5/16/2024 to 5/22/2024,RITZ CRACKERS 13.7 OZ,0004400003111,GALLETAS,818.0,2024-05-16,-22.684310018903588,875.0,-2.5883662677428365,1058.0,837064.0,794174.0,4400003111,10.7936507936508,0004400003111,0.3400000000000003
554693,5/16/2024 to 5/22/2024,NABISCO CHIP AHOY MINI S SERVE 12 PK,0004400002027,GALLETAS,152.0,2024-05-16,-44.32234432234432,206.5,-5.057471264367819,273.0,837064.0,794174.0,4400002027,5.825242718446599,0004400002027,0.2999999999999998
554736,5/16/2024 to 5/22/2024,OREO MINI SINGLE SERVE 12 PK,0004400002028,GALLETAS,159.0,2024-05-16,-50.46728971962617,216.0,-6.290672451193058,321.0,837064.0,794174.0,4400002028,5.825242718446599,0004400002028,0.2999999999999998
555449,5/16/2024 to 5/22/2024,OREO SANDWICH SINGLE SERVE 12 PK,0004400004698,GALLETAS,39.0,2024-05-16,14.705882352941169,35.5,-17.441860465116278,34.0,837064.0,794174.0,4400004698,0.0,0004400004698,0.0
555771,5/16/2024 to 5/22/2024,CHIPS AHOY! SINGLE SERVE 12 CT,0004400005222,GALLETAS,19.0,2024-05-16,-42.42424242424242,27.75,-14.615384615384619,33.0,837064.0,794174.0,4400005222,0.0,0004400005222,0.0
555992,5/16/2024 to 5/22/2024,CHIPS AHOY CHOCO CHIPS 13.0 OZ,0004400003219,GALLETAS,286.0,2024-05-16,-49.38053097345133,376.5,1.5509103169251581,565.0,837064.0,794174.0,4400003219,0.0,0004400003219,0.0
559499,5/16/2024 to 5/22/2024,POWERADE ORANGE 20 OZ,0004900003278,BEBIDAS,325.0,2024-05-16,-11.924119241192411,312.25,3.9966694421315507,369.0,837064.0,794174.0,4900003278,0.0,0004900003278,0.0
559617,5/16/2024 to 5/22/2024,POWERADE GRAPE 20 OZ,0004900004526,BEBIDAS,475.0,2024-05-16,-6.126482213438733,439.5,3.9621525724423456,506.0,837064.0,794174.0,4900004526,0.0,0004900004526,0.0
559748,5/16/2024 to 5/22/2024,POWERADE ZERO MIXED BERRY 20 OZ,0004900005069,BEBIDAS,204.0,2024-05-16,-26.618705035971225,198.0,10.924369747899165,278.0,837064.0,794174.0,4900005069,0.0,0004900005069,0.0
559877,5/16/2024 to 5/22/2024,POWERADE FRUIT PUNCH 20 OZ,0004900000371,BEBIDAS,808.0,2024-05-16,-9.82142857142857,774.0,2.754729505476261,896.0,837064.0,794174.0,4900000371,0.0,0004900000371,0.0
559904,5/16/2024 to 5/22/2024,POWERADE LIMON 20 OZ,0004900000369,BEBIDAS,261.0,2024-05-16,-20.42682926829268,264.75,3.8235294117647145,328.0,837064.0,794174.0,4900000369,0.0,0004900000369,0.0
560043,5/16/2024 to 5/22/2024,POWERADE MOUNTAIN BLAST 2O OZ,0004900000790,BEBIDAS,595.0,2024-05-16,-14.634146341463417,621.5,1.1391375101708734,697.0,837064.0,794174.0,4900000790,0.0,0004900000790,0.0
560460,5/16/2024 to 5/22/2024,POWERADE ZERO FRUIT PUNCH 20 OZ,0004900005642,BEBIDAS,195.0,2024-05-16,-20.081967213114748,209.75,-4.76730987514189,244.0,837064.0,794174.0,4900005642,0.0,0004900005642,0.0
562255,5/16/2024 to 5/22/2024,HOLSUM GALLETAS EMP FAMILIAR 10 OZ,0002296100104,GALLETAS,47.0,2024-05-16,-28.787878787878785,52.25,-3.240740740740744,66.0,837064.0,794174.0,2296100104,8.595988538681954,0002296100104,0.2999999999999998
582690,5/16/2024 to 5/22/2024,ROVIRA EXPORT SODAS BUTTER 30 OZ,0007298100157,GALLETAS,101.0,2024-05-16,40.27777777777777,74.75,1.3559322033898313,72.0,837064.0,794174.0,7298100157,0.0,0007298100157,0.0
582974,5/16/2024 to 5/22/2024,ROVIRA EXPORT SODA CRACKERS 28 OZ,0007298100105,GALLETAS,158.0,2024-05-16,-11.23595505617978,194.5,-17.321997874601493,178.0,837064.0,794174.0,7298100105,2.0437956204379715,0007298100105,0.14000000000000057
587830,5/16/2024 to 5/22/2024,OCEAN SPRAY WHITE CRANBERRY 64 OZ,0003120028127,JUGOS PET,135.0,2024-05-16,2.2727272727272707,115.75,4.514672686230248,132.0,837064.0,794174.0,3120028127,9.295774647887335,0003120028127,0.33000000000000007
588122,5/16/2024 to 5/22/2024,MISTIC TROPICAL CARROT 64 OZ,0008939664290,JUGOS PET,193.0,2024-05-16,-32.04225352112676,204.0,5.836575875486383,284.0,837064.0,794174.0,8939664290,4.057971014492745,0008939664290,0.13999999999999968
588178,5/16/2024 to 5/22/2024,OCEAN SPRAY LIGHT CRANBERRY 64 OZ,0003120034227,JUGOS PET,24.0,2024-05-16,-11.111111111111116,25.0,3.092783505154628,27.0,837064.0,794174.0,3120034227,9.295774647887335,0003120034227,0.33000000000000007
588696,5/16/2024 to 5/22/2024,OCEAN SPRAY LIGHT CRAN.GRAPE 64 OZ,0003120034327,JUGOS PET,43.0,2024-05-16,138.88888888888889,28.25,10.784313725490202,18.0,837064.0,794174.0,3120034327,9.295774647887335,0003120034327,0.33000000000000007
588726,5/16/2024 to 5/22/2024,MISTIC ORANGE CARROT 64 OZ,0008939664296,JUGOS PET,1003.0,2024-05-16,-23.78419452887538,1018.0,6.90469939616698,1316.0,837064.0,794174.0,8939664296,4.057971014492745,0008939664296,0.13999999999999968
588845,5/16/2024 to 5/22/2024,MISTIC MANGO CARROT 64 OZ,0008939664297,JUGOS PET,88.0,2024-05-16,-29.600000000000005,108.0,-7.494646680942186,125.0,837064.0,794174.0,8939664297,4.057971014492745,0008939664297,0.13999999999999968
588997,5/16/2024 to 5/22/2024,OCEAN SPRAY CRAN/GRAPE DIET 64 OZ,0003120020157,JUGOS PET,92.0,2024-05-16,-19.999999999999996,95.5,10.404624277456653,115.0,837064.0,794174.0,3120020157,9.295774647887335,0003120020157,0.33000000000000007
589135,5/16/2024 to 5/22/2024,OCEAN SPRAY CRANBERRY JUICE 64 OZ,0003120020007,JUGOS PET,374.0,2024-05-16,-22.567287784679092,396.0,4.416611733684905,483.0,837064.0,794174.0,3120020007,9.295774647887335,0003120020007,0.33000000000000007
589140,5/16/2024 to 5/22/2024,OCEAN SPRAY CRANBERRY DIET 64 OZ,0003120020031,JUGOS PET,117.0,2024-05-16,-12.030075187969924,116.5,8.120649651972167,133.0,837064.0,794174.0,3120020031,9.295774647887335,0003120020031,0.33000000000000007
589223,5/16/2024 to 5/22/2024,OCEAN SPARY CRAN/GRAPE 100% 64 OZ,0003120003466,JUGOS PET,42.0,2024-05-16,13.513513513513509,34.75,6.106870229007644,37.0,837064.0,794174.0,3120003466,2.6315789473684292,0003120003466,0.11000000000000032
589240,5/16/2024 to 5/22/2024,OCEAN SPRAY CRANBERRY 100% 64 OZ,0003120003469,JUGOS PET,71.0,2024-05-16,44.89795918367348,46.5,17.721518987341778,49.0,837064.0,794174.0,3120003469,0.0,0003120003469,0.0
589400,5/16/2024 to 5/22/2024,OCEAN SPRAY RUBY GRAPEFRUIT 64 OZ,0003120027627,JUGOS PET,122.0,2024-05-16,45.238095238095234,94.25,14.242424242424235,84.0,837064.0,794174.0,3120027627,9.295774647887335,0003120027627,0.33000000000000007
589453,5/16/2024 to 5/22/2024,OCEAN SPRAY CRANGRAPE 64 OZ,0003120022007,JUGOS PET,137.0,2024-05-16,-19.883040935672515,129.75,9.263157894736839,171.0,837064.0,794174.0,3120022007,9.295774647887335,0003120022007,0.33000000000000007
